{ "bossTest": { "name": "Boss Test Dummy", "build 2": "", "build 3": "", "build 1": "", "default": { "resistance_stagger": "0", "speed": "12", "vuln_zauber": "3", "resistance_bio": "100", "rifles": "0", "luck": "50", "vuln_mental": "3", "wtc": "10", "cosmic": "0", "resistance_normal": "10", "resistance_cyber": "200", "bio": "0", "mounted": "0", "resistance_cosmic": "100", "agile": "50", "gunsdrop": "0", "resistance_knockback": "50", "guts": "80", "might": "50", "weight": "80", "cyber": "0", "vuln_cosmic": "3", "pistols": "0", "automatic": "0", "piety": "50", "shotguns": "0", "resistance_zauber": "50", "projectile": "0", "hp": "600", "vuln_bio": "3", "mental": "0", "zauber": "0", "generic": "0", "resistance_mental": "100", "vuln_cyber": "6" } }, "jalapeno_stag": { "name": "Jalapeno Stag", "build 2": "", "build 3": "", "build 1": "", "default": { "resistance_stagger": "0", "speed": "9", "vuln_zauber": "0", "resistance_bio": "0", "rifles": "0", "luck": "10", "vuln_mental": "0", "wtc": "0", "cosmic": "0", "resistance_normal": "1", "resistance_cyber": "0", "bio": "0", "mounted": "0", "resistance_cosmic": "0", "agile": "10", "gunsdrop": "0", "resistance_knockback": "0", "guts": "10", "might": "10", "weight": "4", "cyber": "0", "vuln_cosmic": "0", "pistols": "0", "automatic": "0", "piety": "10", "shotguns": "0", "resistance_zauber": "0", "projectile": "0", "hp": "999", "vuln_bio": "0", "mental": "0", "zauber": "0", "generic": "0", "resistance_mental": "0", "vuln_cyber": "0" } }, "catfish_queen": { "name": "Catfish Queen", "build 2": "", "build 3": "", "build 1": "", "default": { "resistance_stagger": "0", "speed": "0", "vuln_zauber": "4", "resistance_bio": "125", "rifles": "0", "luck": "20", "vuln_mental": "3", "wtc": "10", "cosmic": "0", "resistance_normal": "15", "resistance_cyber": "100", "bio": "0", "mounted": "0", "resistance_cosmic": "110", "agile": "20", "gunsdrop": "0", "resistance_knockback": "999", "guts": "192", "might": "20", "weight": "120", "cyber": "0", "vuln_cosmic": "3", "pistols": "0", "automatic": "0", "piety": "20", "shotguns": "0", "resistance_zauber": "100", "projectile": "0", "hp": "240", "vuln_bio": "5", "mental": "0", "zauber": "0", "generic": "0", "resistance_mental": "80", "vuln_cyber": "2" } }, "guilderberg_gald": { "name": "Guilder Gald", "build 2": "", "build 3": "", "build 1": "", "default": { "resistance_stagger": "100", "speed": "0", "vuln_zauber": "5", "resistance_bio": "100", "rifles": "0", "luck": "30", "vuln_mental": "4", "wtc": "0", "cosmic": "0", "resistance_normal": "30", "resistance_cyber": "100", "bio": "0", "mounted": "0", "resistance_cosmic": "100", "agile": "30", "gunsdrop": "0", "resistance_knockback": "100", "guts": "30", "might": "30", "weight": "10", "cyber": "0", "vuln_cosmic": "4", "pistols": "0", "automatic": "0", "piety": "30", "shotguns": "0", "resistance_zauber": "100", "projectile": "0", "hp": "850", "vuln_bio": "4", "mental": "0", "zauber": "0", "generic": "0", "resistance_mental": "100", "vuln_cyber": "3" } }, "cGremlin_brawler": { "name": "Cybergremlin (Brawler)", "build 2": "", "build 3": "", "build 1": "", "default": { "resistance_stagger": "0", "speed": "8", "vuln_zauber": "3", "resistance_bio": "100", "rifles": "0", "luck": "5", "vuln_mental": "2", "wtc": "10", "cosmic": "0", "resistance_normal": "20", "resistance_cyber": "100", "bio": "0", "mounted": "1", "resistance_cosmic": "100", "agile": "9", "gunsdrop": "75", "resistance_knockback": "10", "guts": "15", "might": "10", "weight": "9", "cyber": "5", "vuln_cosmic": "2", "pistols": "1", "automatic": "0", "piety": "2", "shotguns": "0", "resistance_zauber": "100", "projectile": "1", "hp": "5", "vuln_bio": "4", "mental": "0", "zauber": "1", "generic": "2", "resistance_mental": "125", "vuln_cyber": "4" } }, "o_oozeStag": { "name": "Enemy 47", "build 2": "", "build 3": "", "build 1": "", "default": { "resistance_stagger": "0", "speed": "11", "vuln_zauber": "0", "resistance_bio": "0", "rifles": "0", "luck": "0", "vuln_mental": "0", "wtc": "11", "cosmic": "0", "resistance_normal": "11", "resistance_cyber": "0", "bio": "0", "mounted": "0", "resistance_cosmic": "0", "agile": "11", "gunsdrop": "0", "resistance_knockback": "0", "guts": "11", "might": "11", "weight": "11", "cyber": "0", "vuln_cosmic": "0", "pistols": "0", "automatic": "0", "piety": "11", "shotguns": "0", "resistance_zauber": "0", "projectile": "0", "hp": "111", "vuln_bio": "0", "mental": "0", "zauber": "0", "generic": "0", "resistance_mental": "0", "vuln_cyber": "0" } }, "cGremlin_jetpack": { "name": "Cybergremlin (Jetpack)", "build 2": "", "build 3": "", "build 1": "", "default": { "resistance_stagger": "0", "speed": "4.8", "vuln_zauber": "3", "resistance_bio": "100", "rifles": "5", "luck": "4", "vuln_mental": "2", "wtc": "3", "cosmic": "0", "resistance_normal": "15", "resistance_cyber": "100", "bio": "0", "mounted": "2", "resistance_cosmic": "100", "agile": "8", "gunsdrop": "75", "resistance_knockback": "0", "guts": "9", "might": "10", "weight": "8", "cyber": "5", "vuln_cosmic": "2", "pistols": "0", "automatic": "0", "piety": "5", "shotguns": "0", "resistance_zauber": "100", "projectile": "0", "hp": "5", "vuln_bio": "4", "mental": "0", "zauber": "1", "generic": "2", "resistance_mental": "100", "vuln_cyber": "4" } }, "babbySystem": { "name": "Enemy 7", "build 2": "", "build 3": "", "build 1": "", "default": { "resistance_stagger": "50", "speed": "15", "vuln_zauber": "3", "resistance_bio": "100", "rifles": "0", "luck": "15", "vuln_mental": "3", "wtc": "5", "cosmic": "0", "resistance_normal": "15", "resistance_cyber": "100", "bio": "0", "mounted": "0", "resistance_cosmic": "100", "agile": "15", "gunsdrop": "0", "resistance_knockback": "50", "guts": "15", "might": "15", "weight": "10", "cyber": "0", "vuln_cosmic": "3", "pistols": "0", "automatic": "0", "piety": "15", "shotguns": "0", "resistance_zauber": "100", "projectile": "0", "hp": "125", "vuln_bio": "3", "mental": "0", "zauber": "0", "generic": "0", "resistance_mental": "100", "vuln_cyber": "3" } }, "kobold_large": { "name": "Kobold (Large)", "build 2": "", "build 3": "", "build 1": "", "default": { "resistance_stagger": "25", "speed": "5", "vuln_zauber": "3", "resistance_bio": "125", "rifles": "0", "luck": "30", "vuln_mental": "2", "wtc": "12", "cosmic": "2", "resistance_normal": "40", "resistance_cyber": "50", "bio": "6", "mounted": "6", "resistance_cosmic": "120", "agile": "10", "gunsdrop": "105", "resistance_knockback": "25", "guts": "40", "might": "30", "weight": "40", "cyber": "0", "vuln_cosmic": "3", "pistols": "0", "automatic": "0", "piety": "25", "shotguns": "2", "resistance_zauber": "80", "projectile": "4", "hp": "100", "vuln_bio": "5", "mental": "0", "zauber": "0", "generic": "0", "resistance_mental": "80", "vuln_cyber": "1" } }, "catfish_small_poison": { "name": "Catfish (Small Poison)", "build 2": "", "build 3": "", "build 1": "", "default": { "resistance_stagger": "0", "speed": "6.5", "vuln_zauber": "4", "resistance_bio": "85", "rifles": "4", "luck": "10", "vuln_mental": "3", "wtc": "3", "cosmic": "0", "resistance_normal": "15", "resistance_cyber": "100", "bio": "6", "mounted": "0", "resistance_cosmic": "100", "agile": "8", "gunsdrop": "70", "resistance_knockback": "5", "guts": "15", "might": "10", "weight": "8", "cyber": "0", "vuln_cosmic": "3", "pistols": "0", "automatic": "0", "piety": "5", "shotguns": "0", "resistance_zauber": "50", "projectile": "4", "hp": "15", "vuln_bio": "6", "mental": "0", "zauber": "1", "generic": "1", "resistance_mental": "50", "vuln_cyber": "2" } }, "darkRat": { "name": "Dark Rat", "build 2": "", "build 3": "", "build 1": "", "default": { "resistance_stagger": "0", "speed": "12", "vuln_zauber": "3", "resistance_bio": "100", "rifles": "0", "luck": "12", "vuln_mental": "2", "wtc": "2", "cosmic": "0", "resistance_normal": "5", "resistance_cyber": "100", "bio": "1", "mounted": "0", "resistance_cosmic": "100", "agile": "20", "gunsdrop": "50", "resistance_knockback": "18", "guts": "5", "might": "3", "weight": "2", "cyber": "1", "vuln_cosmic": "3", "pistols": "0", "automatic": "5", "piety": "1", "shotguns": "0", "resistance_zauber": "100", "projectile": "1", "hp": "5", "vuln_bio": "4", "mental": "0", "zauber": "4", "generic": "2", "resistance_mental": "100", "vuln_cyber": "2" } }, "o_bustaBulb": { "name": "Bustabulb", "build 2": "", "build 3": "", "build 1": "", "default": { "resistance_stagger": "0", "speed": "0", "vuln_zauber": "0", "resistance_bio": "0", "rifles": "0", "luck": "0", "vuln_mental": "0", "wtc": "0", "cosmic": "0", "resistance_normal": "0", "resistance_cyber": "0", "bio": "0", "mounted": "0", "resistance_cosmic": "0", "agile": "0", "gunsdrop": "0", "resistance_knockback": "0", "guts": "0", "might": "0", "weight": "0", "cyber": "0", "vuln_cosmic": "0", "pistols": "0", "automatic": "0", "piety": "0", "shotguns": "0", "resistance_zauber": "0", "projectile": "0", "hp": "0", "vuln_bio": "0", "mental": "0", "zauber": "0", "generic": "0", "resistance_mental": "0", "vuln_cyber": "0" } }, "o_oozeMan": { "name": "Enemy 40", "build 2": "", "build 3": "", "build 1": "", "default": { "resistance_stagger": "0", "speed": "2", "vuln_zauber": "3", "resistance_bio": "0", "rifles": "0", "luck": "10", "vuln_mental": "3", "wtc": "10", "cosmic": "0", "resistance_normal": "0", "resistance_cyber": "0", "bio": "0", "mounted": "0", "resistance_cosmic": "0", "agile": "5", "gunsdrop": "0", "resistance_knockback": "0", "guts": "30", "might": "30", "weight": "30", "cyber": "0", "vuln_cosmic": "3", "pistols": "0", "automatic": "0", "piety": "8", "shotguns": "0", "resistance_zauber": "0", "projectile": "0", "hp": "30", "vuln_bio": "3", "mental": "0", "zauber": "0", "generic": "0", "resistance_mental": "0", "vuln_cyber": "3" } }, "bugflower_mimic": { "name": "Bugflower Mimic", "build 2": "", "build 3": "", "build 1": "", "default": { "resistance_stagger": "0", "speed": "8", "vuln_zauber": "3", "resistance_bio": "80", "rifles": "0", "luck": "6", "vuln_mental": "2", "wtc": "10", "cosmic": "0", "resistance_normal": "5", "resistance_cyber": "80", "bio": "0", "mounted": "0", "resistance_cosmic": "80", "agile": "18", "gunsdrop": "0", "resistance_knockback": "0", "guts": "12", "might": "6", "weight": "4", "cyber": "0", "vuln_cosmic": "3", "pistols": "0", "automatic": "0", "piety": "6", "shotguns": "0", "resistance_zauber": "80", "projectile": "0", "hp": "15", "vuln_bio": "5", "mental": "0", "zauber": "0", "generic": "0", "resistance_mental": "80", "vuln_cyber": "1" } }, "kobold_small": { "name": "Kobold (Small)", "build 2": "", "build 3": "", "build 1": "", "default": { "resistance_stagger": "0", "speed": "5", "vuln_zauber": "3", "resistance_bio": "100", "rifles": "0", "luck": "10", "vuln_mental": "1", "wtc": "8", "cosmic": "0", "resistance_normal": "0", "resistance_cyber": "50", "bio": "5", "mounted": "0", "resistance_cosmic": "100", "agile": "10", "gunsdrop": "75", "resistance_knockback": "10", "guts": "13", "might": "15", "weight": "15", "cyber": "0", "vuln_cosmic": "3", "pistols": "5", "automatic": "0", "piety": "25", "shotguns": "0", "resistance_zauber": "80", "projectile": "2", "hp": "10", "vuln_bio": "5", "mental": "1", "zauber": "2", "generic": "1", "resistance_mental": "50", "vuln_cyber": "1" } }, "catfish_mounted": { "name": "Catfish (Mounted)", "build 2": "", "build 3": "", "build 1": "", "default": { "resistance_stagger": "0", "speed": "5", "vuln_zauber": "2", "resistance_bio": "120", "rifles": "0", "luck": "15", "vuln_mental": "5", "wtc": "5", "cosmic": "0", "resistance_normal": "20", "resistance_cyber": "100", "bio": "0", "mounted": "0", "resistance_cosmic": "100", "agile": "5", "gunsdrop": "0", "resistance_knockback": "30", "guts": "27", "might": "20", "weight": "18", "cyber": "0", "vuln_cosmic": "3", "pistols": "0", "automatic": "0", "piety": "16", "shotguns": "0", "resistance_zauber": "100", "projectile": "0", "hp": "15", "vuln_bio": "4", "mental": "0", "zauber": "0", "generic": "0", "resistance_mental": "80", "vuln_cyber": "3" } }, "cGremlin_small_deg": { "name": "Cybergremlin (Nude)", "build 2": "", "build 3": "", "build 1": "", "default": { "resistance_stagger": "0", "speed": "8", "vuln_zauber": "3", "resistance_bio": "75", "rifles": "0", "luck": "7", "vuln_mental": "2", "wtc": "10", "cosmic": "0", "resistance_normal": "5", "resistance_cyber": "75", "bio": "5", "mounted": "0", "resistance_cosmic": "75", "agile": "9", "gunsdrop": "50", "resistance_knockback": "5", "guts": "7", "might": "8", "weight": "5", "cyber": "0", "vuln_cosmic": "3", "pistols": "6", "automatic": "0", "piety": "4", "shotguns": "0", "resistance_zauber": "75", "projectile": "1", "hp": "5", "vuln_bio": "5", "mental": "1", "zauber": "1", "generic": "0", "resistance_mental": "120", "vuln_cyber": "2" } }, "smCrabotron": { "name": "Crabotron Small", "build 2": "", "build 3": "", "build 1": "", "default": { "resistance_stagger": "0", "speed": "5", "vuln_zauber": "2", "resistance_bio": "125", "rifles": "0", "luck": "5", "vuln_mental": "2", "wtc": "10", "cosmic": "0", "resistance_normal": "30", "resistance_cyber": "125", "bio": "0", "mounted": "0", "resistance_cosmic": "100", "agile": "16", "gunsdrop": "0", "resistance_knockback": "50", "guts": "25", "might": "20", "weight": "18", "cyber": "0", "vuln_cosmic": "4", "pistols": "0", "automatic": "0", "piety": "18", "shotguns": "0", "resistance_zauber": "100", "projectile": "0", "hp": "50", "vuln_bio": "1", "mental": "0", "zauber": "0", "generic": "0", "resistance_mental": "100", "vuln_cyber": "6" } }, "duergar_gunner": { "name": "Duergar (Gunner)", "build 2": "", "build 3": "", "build 1": "", "default": { "resistance_stagger": "0", "speed": "8", "vuln_zauber": "3", "resistance_bio": "120", "rifles": "0", "luck": "30", "vuln_mental": "2", "wtc": "10", "cosmic": "0", "resistance_normal": "65", "resistance_cyber": "120", "bio": "0", "mounted": "0", "resistance_cosmic": "110", "agile": "28", "gunsdrop": "0", "resistance_knockback": "10", "guts": "34", "might": "30", "weight": "6", "cyber": "0", "vuln_cosmic": "3", "pistols": "0", "automatic": "0", "piety": "30", "shotguns": "0", "resistance_zauber": "80", "projectile": "0", "hp": "20", "vuln_bio": "4", "mental": "0", "zauber": "0", "generic": "0", "resistance_mental": "80", "vuln_cyber": "3" } }, "alienMenace_medium": { "name": "Alien Menace (Medium)", "build 2": "", "build 3": "", "build 1": "", "default": { "resistance_stagger": "50", "speed": "12", "vuln_zauber": "2", "resistance_bio": "100", "rifles": "0", "luck": "18", "vuln_mental": "6", "wtc": "10", "cosmic": "0", "resistance_normal": "25", "resistance_cyber": "100", "bio": "0", "mounted": "0", "resistance_cosmic": "80", "agile": "24", "gunsdrop": "0", "resistance_knockback": "35", "guts": "36", "might": "35", "weight": "35", "cyber": "0", "vuln_cosmic": "4", "pistols": "0", "automatic": "0", "piety": "30", "shotguns": "0", "resistance_zauber": "80", "projectile": "0", "hp": "60", "vuln_bio": "4", "mental": "0", "zauber": "0", "generic": "0", "resistance_mental": "100", "vuln_cyber": "2" } }, "cGremlin_gunner": { "name": "Cybergremlin (Gunner)", "build 2": "", "build 3": "", "build 1": "", "default": { "resistance_stagger": "0", "speed": "6", "vuln_zauber": "3", "resistance_bio": "100", "rifles": "2", "luck": "12", "vuln_mental": "2", "wtc": "10", "cosmic": "0", "resistance_normal": "15", "resistance_cyber": "100", "bio": "2", "mounted": "0", "resistance_cosmic": "100", "agile": "9", "gunsdrop": "80", "resistance_knockback": "5", "guts": "8", "might": "8", "weight": "10", "cyber": "5", "vuln_cosmic": "2", "pistols": "2", "automatic": "3", "piety": "4", "shotguns": "0", "resistance_zauber": "100", "projectile": "0", "hp": "20", "vuln_bio": "4", "mental": "0", "zauber": "0", "generic": "2", "resistance_mental": "100", "vuln_cyber": "4" } }, "guilderberg_von_miser": { "name": "Guilder Von Miser", "build 2": "", "build 3": "", "build 1": "", "default": { "resistance_stagger": "100", "speed": "0", "vuln_zauber": "5", "resistance_bio": "100", "rifles": "0", "luck": "30", "vuln_mental": "4", "wtc": "0", "cosmic": "0", "resistance_normal": "30", "resistance_cyber": "100", "bio": "0", "mounted": "0", "resistance_cosmic": "100", "agile": "30", "gunsdrop": "0", "resistance_knockback": "100", "guts": "30", "might": "30", "weight": "10", "cyber": "0", "vuln_cosmic": "4", "pistols": "0", "automatic": "0", "piety": "30", "shotguns": "0", "resistance_zauber": "100", "projectile": "0", "hp": "850", "vuln_bio": "4", "mental": "0", "zauber": "0", "generic": "0", "resistance_mental": "100", "vuln_cyber": "3" } }, "oozeMan": { "name": "Oozeman", "build 2": "", "build 3": "", "build 1": "", "default": { "resistance_stagger": "0", "speed": "0", "vuln_zauber": "0", "resistance_bio": "0", "rifles": "0", "luck": "0", "vuln_mental": "0", "wtc": "0", "cosmic": "0", "resistance_normal": "0", "resistance_cyber": "0", "bio": "0", "mounted": "0", "resistance_cosmic": "0", "agile": "0", "gunsdrop": "0", "resistance_knockback": "0", "guts": "0", "might": "0", "weight": "0", "cyber": "0", "vuln_cosmic": "0", "pistols": "0", "automatic": "0", "piety": "0", "shotguns": "0", "resistance_zauber": "0", "projectile": "0", "hp": "0", "vuln_bio": "0", "mental": "0", "zauber": "0", "generic": "0", "resistance_mental": "0", "vuln_cyber": "0" } }, "skullpep": { "name": "Skull Pep", "build 2": "", "build 3": "", "build 1": "", "default": { "resistance_stagger": "0", "speed": "5", "vuln_zauber": "5", "resistance_bio": "100", "rifles": "0", "luck": "6", "vuln_mental": "4", "wtc": "0", "cosmic": "0", "resistance_normal": "15", "resistance_cyber": "100", "bio": "0", "mounted": "0", "resistance_cosmic": "100", "agile": "35", "gunsdrop": "0", "resistance_knockback": "0", "guts": "19", "might": "15", "weight": "0", "cyber": "0", "vuln_cosmic": "4", "pistols": "0", "automatic": "0", "piety": "45", "shotguns": "0", "resistance_zauber": "100", "projectile": "0", "hp": "15", "vuln_bio": "1", "mental": "0", "zauber": "0", "generic": "0", "resistance_mental": "100", "vuln_cyber": "1" } }, "explosiveRat": { "name": "Explosive Rat", "build 2": "", "build 3": "", "build 1": "", "default": { "resistance_stagger": "0", "speed": "16", "vuln_zauber": "3", "resistance_bio": "100", "rifles": "0", "luck": "1", "vuln_mental": "2", "wtc": "2", "cosmic": "0", "resistance_normal": "5", "resistance_cyber": "100", "bio": "2", "mounted": "0", "resistance_cosmic": "100", "agile": "12", "gunsdrop": "50", "resistance_knockback": "10", "guts": "1", "might": "3", "weight": "1", "cyber": "2", "vuln_cosmic": "3", "pistols": "3", "automatic": "3", "piety": "1", "shotguns": "0", "resistance_zauber": "100", "projectile": "1", "hp": "5", "vuln_bio": "4", "mental": "0", "zauber": "0", "generic": "6", "resistance_mental": "60", "vuln_cyber": "2" } }, "spirit_samurai": { "name": "Spirit Samurai", "build 2": "", "build 3": "", "build 1": "", "default": { "resistance_stagger": "0", "speed": "5", "vuln_zauber": "4", "resistance_bio": "150", "rifles": "0", "luck": "11", "vuln_mental": "4", "wtc": "10", "cosmic": "0", "resistance_normal": "40", "resistance_cyber": "150", "bio": "0", "mounted": "0", "resistance_cosmic": "110", "agile": "10", "gunsdrop": "0", "resistance_knockback": "20", "guts": "52", "might": "35", "weight": "30", "cyber": "0", "vuln_cosmic": "5", "pistols": "0", "automatic": "0", "piety": "30", "shotguns": "0", "resistance_zauber": "120", "projectile": "0", "hp": "60", "vuln_bio": "1", "mental": "0", "zauber": "0", "generic": "0", "resistance_mental": "120", "vuln_cyber": "1" } }, "o_mtnpassJar": { "name": "Mountain Jar", "build 2": "", "build 3": "", "build 1": "", "default": { "resistance_stagger": "0", "speed": "0", "vuln_zauber": "0", "resistance_bio": "0", "rifles": "0", "luck": "0", "vuln_mental": "0", "wtc": "0", "cosmic": "0", "resistance_normal": "0", "resistance_cyber": "0", "bio": "0", "mounted": "0", "resistance_cosmic": "0", "agile": "0", "gunsdrop": "0", "resistance_knockback": "0", "guts": "0", "might": "0", "weight": "0", "cyber": "0", "vuln_cosmic": "0", "pistols": "0", "automatic": "0", "piety": "0", "shotguns": "0", "resistance_zauber": "0", "projectile": "0", "hp": "0", "vuln_bio": "0", "mental": "0", "zauber": "0", "generic": "0", "resistance_mental": "0", "vuln_cyber": "0" } }, "kobold_philosopher": { "name": "Kobold (Philosopher)", "build 2": "", "build 3": "", "build 1": "", "default": { "resistance_stagger": "0", "speed": "4.2", "vuln_zauber": "5", "resistance_bio": "120", "rifles": "0", "luck": "8", "vuln_mental": "4", "wtc": "10", "cosmic": "0", "resistance_normal": "0", "resistance_cyber": "100", "bio": "0", "mounted": "0", "resistance_cosmic": "100", "agile": "10", "gunsdrop": "0", "resistance_knockback": "0", "guts": "32", "might": "10", "weight": "7", "cyber": "0", "vuln_cosmic": "3", "pistols": "0", "automatic": "0", "piety": "30", "shotguns": "0", "resistance_zauber": "100", "projectile": "0", "hp": "40", "vuln_bio": "5", "mental": "0", "zauber": "0", "generic": "0", "resistance_mental": "80", "vuln_cyber": "1" } }, "catfish_shield": { "name": "Catfish (Shield)", "build 2": "", "build 3": "", "build 1": "", "default": { "resistance_stagger": "0", "speed": "4", "vuln_zauber": "2", "resistance_bio": "120", "rifles": "0", "luck": "18", "vuln_mental": "3", "wtc": "9", "cosmic": "0", "resistance_normal": "30", "resistance_cyber": "110", "bio": "3", "mounted": "4", "resistance_cosmic": "100", "agile": "5", "gunsdrop": "70", "resistance_knockback": "25", "guts": "18", "might": "15", "weight": "14", "cyber": "0", "vuln_cosmic": "3", "pistols": "0", "automatic": "2", "piety": "10", "shotguns": "4", "resistance_zauber": "100", "projectile": "0", "hp": "30", "vuln_bio": "5", "mental": "1", "zauber": "1", "generic": "4", "resistance_mental": "50", "vuln_cyber": "2" } }, "cGremlin_small": { "name": "Cybergremlin (Small)", "minigun_drop": { "resistance_stagger": "", "speed": "", "vuln_zauber": "", "resistance_bio": "", "rifles": "0", "luck": "", "vuln_mental": "", "wtc": "0", "cosmic": "0", "resistance_normal": "", "resistance_cyber": "", "bio": "0", "mounted": "0", "resistance_cosmic": "", "agile": "", "gunsdrop": "0", "resistance_knockback": "", "guts": "", "might": "", "weight": "", "cyber": "0", "vuln_cosmic": "", "pistols": "0", "automatic": "0", "piety": "", "shotguns": "0", "resistance_zauber": "", "projectile": "0", "hp": "", "vuln_bio": "", "mental": "0", "zauber": "0", "generic": "0", "resistance_mental": "", "vuln_cyber": "" }, "build 2": "", "build 3": "", "build 1": "minigun_drop", "default": { "resistance_stagger": "0", "speed": "10", "vuln_zauber": "3", "resistance_bio": "100", "rifles": "0", "luck": "8", "vuln_mental": "2", "wtc": "8", "cosmic": "0", "resistance_normal": "10", "resistance_cyber": "90", "bio": "0", "mounted": "0", "resistance_cosmic": "100", "agile": "5", "gunsdrop": "66", "resistance_knockback": "5", "guts": "6", "might": "8", "weight": "8", "cyber": "2", "vuln_cosmic": "2", "pistols": "2", "automatic": "0", "piety": "4", "shotguns": "1", "resistance_zauber": "100", "projectile": "0", "hp": "20", "vuln_bio": "4", "mental": "0", "zauber": "2", "generic": "5", "resistance_mental": "120", "vuln_cyber": "4" } }, "cGremlin_newgunner": { "name": "Enemy 4", "build 2": "", "build 3": "", "build 1": "", "default": { "resistance_stagger": "0", "speed": "0", "vuln_zauber": "3", "resistance_bio": "100", "rifles": "0", "luck": "12", "vuln_mental": "2", "wtc": "10", "cosmic": "0", "resistance_normal": "0", "resistance_cyber": "100", "bio": "0", "mounted": "0", "resistance_cosmic": "100", "agile": "9", "gunsdrop": "0", "resistance_knockback": "0", "guts": "8", "might": "8", "weight": "0", "cyber": "0", "vuln_cosmic": "2", "pistols": "0", "automatic": "0", "piety": "4", "shotguns": "0", "resistance_zauber": "100", "projectile": "0", "hp": "0", "vuln_bio": "4", "mental": "0", "zauber": "0", "generic": "0", "resistance_mental": "100", "vuln_cyber": "4" } }, "sewerBeast_young": { "name": "Sewer Beast (Young)", "build 2": "", "build 3": "", "build 1": "", "default": { "resistance_stagger": "0", "speed": "12", "vuln_zauber": "3", "resistance_bio": "90", "rifles": "0", "luck": "8", "vuln_mental": "3", "wtc": "10", "cosmic": "0", "resistance_normal": "10", "resistance_cyber": "100", "bio": "8", "mounted": "1", "resistance_cosmic": "100", "agile": "10", "gunsdrop": "80", "resistance_knockback": "10", "guts": "7", "might": "18", "weight": "20", "cyber": "0", "vuln_cosmic": "3", "pistols": "4", "automatic": "3", "piety": "8", "shotguns": "1", "resistance_zauber": "100", "projectile": "2", "hp": "30", "vuln_bio": "5", "mental": "1", "zauber": "1", "generic": "2", "resistance_mental": "100", "vuln_cyber": "3" } }, "drone_egg": { "name": "Egg Drone", "build 2": "", "build 3": "", "build 1": "", "default": { "resistance_stagger": "0", "speed": "0", "vuln_zauber": "0", "resistance_bio": "0", "rifles": "0", "luck": "0", "vuln_mental": "0", "wtc": "0", "cosmic": "0", "resistance_normal": "0", "resistance_cyber": "0", "bio": "0", "mounted": "0", "resistance_cosmic": "0", "agile": "0", "gunsdrop": "0", "resistance_knockback": "0", "guts": "0", "might": "0", "weight": "0", "cyber": "0", "vuln_cosmic": "0", "pistols": "0", "automatic": "0", "piety": "0", "shotguns": "0", "resistance_zauber": "0", "projectile": "0", "hp": "0", "vuln_bio": "0", "mental": "0", "zauber": "0", "generic": "0", "resistance_mental": "0", "vuln_cyber": "0" } }, "junkbot_skirmisher": { "name": "Junkbot Skirmisher", "build 2": "", "build 3": "", "build 1": "", "default": { "resistance_stagger": "0", "speed": "5", "vuln_zauber": "3", "resistance_bio": "100", "luck": "5", "vuln_mental": "3", "resistance_normal": "5", "resistance_cyber": "100", "droplist": "default", "resistance_cosmic": "100", "agile": "5", "agile_level": "0", "might_level": "0", "resistance_knockback": "5", "guts": "5", "might": "5", "weight": "5", "guts_level": "0", "vuln_cosmic": "3", "luck_level": "0", "piety": "5", "piety_level": "0", "roll": "1", "resistance_zauber": "100", "hp": "100", "vuln_bio": "3", "resistance_mental": "100", "vuln_cyber": "3" } }, "guilder_gald": { "name": "Guilderberg Gald", "build 2": "", "build 3": "", "build 1": "", "default": { "resistance_stagger": "20", "speed": "45", "vuln_zauber": "3", "resistance_bio": "75", "rifles": "0", "luck": "45", "vuln_mental": "3", "wtc": "10", "cosmic": "0", "resistance_normal": "50", "resistance_cyber": "75", "bio": "0", "mounted": "0", "resistance_cosmic": "75", "agile": "45", "gunsdrop": "0", "resistance_knockback": "20", "guts": "45", "might": "45", "weight": "30", "cyber": "0", "vuln_cosmic": "3", "pistols": "0", "automatic": "0", "piety": "45", "shotguns": "0", "resistance_zauber": "75", "projectile": "0", "hp": "200", "vuln_bio": "3", "mental": "0", "zauber": "0", "generic": "0", "resistance_mental": "75", "vuln_cyber": "3" } }, "cyberRat": { "name": "Enemy 14", "build 2": "", "build 3": "", "build 1": "", "default": { "resistance_stagger": "0", "speed": "12", "vuln_zauber": "3", "resistance_bio": "100", "rifles": "0", "luck": "1", "vuln_mental": "2", "wtc": "10", "cosmic": "0", "resistance_normal": "5", "resistance_cyber": "100", "bio": "0", "mounted": "0", "resistance_cosmic": "100", "agile": "12", "gunsdrop": "0", "resistance_knockback": "18", "guts": "1", "might": "3", "weight": "1", "cyber": "0", "vuln_cosmic": "3", "pistols": "0", "automatic": "0", "piety": "1", "shotguns": "0", "resistance_zauber": "100", "projectile": "0", "hp": "2", "vuln_bio": "4", "mental": "0", "zauber": "0", "generic": "0", "resistance_mental": "100", "vuln_cyber": "2" } }, "crabotron": { "name": "Crabotron", "build 2": "", "build 3": "", "build 1": "", "default": { "resistance_stagger": "0", "speed": "0", "vuln_zauber": "3", "resistance_bio": "200", "rifles": "0", "luck": "5", "vuln_mental": "3", "wtc": "10", "cosmic": "0", "resistance_normal": "65", "resistance_cyber": "20", "bio": "0", "mounted": "0", "resistance_cosmic": "0", "agile": "5", "gunsdrop": "0", "resistance_knockback": "100", "guts": "5", "might": "5", "weight": "0", "cyber": "0", "vuln_cosmic": "3", "pistols": "0", "automatic": "0", "piety": "5", "shotguns": "0", "resistance_zauber": "40", "projectile": "0", "hp": "200", "vuln_bio": "3", "mental": "0", "zauber": "0", "generic": "0", "resistance_mental": "200", "vuln_cyber": "3" } }, "weresnail_gunner": { "name": "Weresnail (Gunner)", "build 2": "", "build 3": "", "build 1": "", "default": { "resistance_stagger": "0", "speed": "2", "vuln_zauber": "3", "resistance_bio": "100", "rifles": "0", "luck": "6", "vuln_mental": "3", "wtc": "10", "cosmic": "0", "resistance_normal": "70", "resistance_cyber": "100", "bio": "0", "mounted": "0", "resistance_cosmic": "100", "agile": "2", "gunsdrop": "0", "resistance_knockback": "65", "guts": "15", "might": "2", "weight": "5", "cyber": "0", "vuln_cosmic": "3", "pistols": "0", "automatic": "0", "piety": "6", "shotguns": "0", "resistance_zauber": "100", "projectile": "0", "hp": "1", "vuln_bio": "3", "mental": "0", "zauber": "0", "generic": "0", "resistance_mental": "100", "vuln_cyber": "3" } }, "junkworm": { "name": "Junkwurm", "build 2": "", "build 3": "", "build 1": "", "default": { "resistance_stagger": "0", "speed": "0", "vuln_zauber": "0", "resistance_bio": "0", "rifles": "0", "luck": "0", "vuln_mental": "0", "wtc": "0", "cosmic": "0", "resistance_normal": "0", "resistance_cyber": "0", "bio": "0", "mounted": "0", "resistance_cosmic": "0", "agile": "0", "gunsdrop": "0", "resistance_knockback": "0", "guts": "0", "might": "0", "weight": "0", "cyber": "0", "vuln_cosmic": "0", "pistols": "0", "automatic": "0", "piety": "0", "shotguns": "0", "resistance_zauber": "0", "projectile": "0", "hp": "0", "vuln_bio": "0", "mental": "0", "zauber": "0", "generic": "0", "resistance_mental": "0", "vuln_cyber": "0" } }, "ruinedDrone": { "name": "Ruined Drone", "build 2": "", "build 3": "", "build 1": "", "default": { "resistance_stagger": "0", "speed": "12", "vuln_zauber": "3", "resistance_bio": "100", "rifles": "0", "luck": "15", "vuln_mental": "2", "wtc": "10", "cosmic": "0", "resistance_normal": "100", "resistance_cyber": "100", "bio": "0", "mounted": "0", "resistance_cosmic": "100", "agile": "20", "gunsdrop": "0", "resistance_knockback": "15", "guts": "16", "might": "18", "weight": "15", "cyber": "0", "vuln_cosmic": "4", "pistols": "0", "automatic": "0", "piety": "15", "shotguns": "0", "resistance_zauber": "100", "projectile": "0", "hp": "20", "vuln_bio": "1", "mental": "0", "zauber": "0", "generic": "0", "resistance_mental": "100", "vuln_cyber": "5" } }, "hugebrainalien": { "name": "Enemy 45", "build 2": "", "build 3": "", "build 1": "", "default": { "resistance_stagger": "0", "speed": "10", "vuln_zauber": "3", "resistance_bio": "0", "rifles": "0", "luck": "10", "vuln_mental": "3", "wtc": "10", "cosmic": "0", "resistance_normal": "0", "resistance_cyber": "0", "bio": "0", "mounted": "0", "resistance_cosmic": "0", "agile": "10", "gunsdrop": "0", "resistance_knockback": "0", "guts": "10", "might": "10", "weight": "0", "cyber": "0", "vuln_cosmic": "3", "pistols": "0", "automatic": "0", "piety": "10", "shotguns": "0", "resistance_zauber": "0", "projectile": "0", "hp": "10", "vuln_bio": "3", "mental": "0", "zauber": "0", "generic": "0", "resistance_mental": "0", "vuln_cyber": "3" } }, "o_woodBarrel": { "name": "Wooden Barrel", "min": { "resistance_stagger": "0", "speed": "0", "vuln_zauber": "0", "resistance_bio": "0", "rifles": "0", "luck": "0", "vuln_mental": "0", "wtc": "0", "cosmic": "1", "resistance_normal": "0", "resistance_cyber": "0", "bio": "0", "mounted": "3", "resistance_cosmic": "0", "agile": "0", "gunsdrop": "100", "resistance_knockback": "0", "guts": "0", "might": "0", "weight": "0", "cyber": "1", "vuln_cosmic": "0", "pistols": "0", "automatic": "2", "piety": "0", "shotguns": "0", "resistance_zauber": "0", "projectile": "1", "hp": "0", "vuln_bio": "0", "mental": "2", "zauber": "3", "generic": "0", "resistance_mental": "0", "vuln_cyber": "0" }, "wst": { "resistance_stagger": "0", "speed": "0", "vuln_zauber": "0", "resistance_bio": "0", "rifles": "2", "luck": "0", "vuln_mental": "0", "wtc": "0", "cosmic": "1", "resistance_normal": "0", "resistance_cyber": "0", "bio": "0", "mounted": "1", "resistance_cosmic": "0", "agile": "0", "gunsdrop": "75", "resistance_knockback": "0", "guts": "0", "might": "0", "weight": "0", "cyber": "1", "vuln_cosmic": "0", "pistols": "1", "automatic": "1", "piety": "0", "shotguns": "1", "resistance_zauber": "0", "projectile": "2", "hp": "0", "vuln_bio": "0", "mental": "0", "zauber": "0", "generic": "1", "resistance_mental": "0", "vuln_cyber": "0" }, "build 2": "wst", "build 3": "min", "build 1": "sw2", "sw2": { "resistance_stagger": "0", "speed": "0", "vuln_zauber": "0", "resistance_bio": "0", "rifles": "1", "luck": "0", "vuln_mental": "0", "wtc": "0", "cosmic": "0", "resistance_normal": "0", "resistance_cyber": "0", "bio": "1", "mounted": "1", "resistance_cosmic": "0", "agile": "0", "gunsdrop": "62", "resistance_knockback": "0", "guts": "0", "might": "0", "weight": "0", "cyber": "0", "vuln_cosmic": "0", "pistols": "1", "automatic": "1", "piety": "0", "shotguns": "2", "resistance_zauber": "0", "projectile": "1", "hp": "0", "vuln_bio": "0", "mental": "1", "zauber": "1", "generic": "1", "resistance_mental": "0", "vuln_cyber": "0" }, "default": { "resistance_stagger": "0", "speed": "0", "vuln_zauber": "0", "resistance_bio": "0", "rifles": "1", "luck": "0", "vuln_mental": "0", "wtc": "0", "cosmic": "0", "resistance_normal": "0", "resistance_cyber": "0", "bio": "1", "mounted": "1", "resistance_cosmic": "0", "agile": "0", "gunsdrop": "53", "resistance_knockback": "0", "guts": "0", "might": "0", "weight": "0", "cyber": "0", "vuln_cosmic": "0", "pistols": "2", "automatic": "1", "piety": "0", "shotguns": "1", "resistance_zauber": "0", "projectile": "1", "hp": "0", "vuln_bio": "0", "mental": "0", "zauber": "0", "generic": "1", "resistance_mental": "0", "vuln_cyber": "0" } }, "duergar_wizard": { "name": "Duergar (Wizard)", "build 2": "", "build 3": "", "build 1": "", "default": { "resistance_stagger": "0", "speed": "7.2", "vuln_zauber": "5", "resistance_bio": "100", "rifles": "0", "luck": "30", "vuln_mental": "4", "wtc": "10", "cosmic": "0", "resistance_normal": "10", "resistance_cyber": "115", "bio": "0", "mounted": "0", "resistance_cosmic": "150", "agile": "30", "gunsdrop": "0", "resistance_knockback": "5", "guts": "36", "might": "24", "weight": "3", "cyber": "0", "vuln_cosmic": "2", "pistols": "0", "automatic": "0", "piety": "40", "shotguns": "0", "resistance_zauber": "110", "projectile": "0", "hp": "20", "vuln_bio": "4", "mental": "0", "zauber": "0", "generic": "0", "resistance_mental": "75", "vuln_cyber": "2" } }, "junkbot": { "name": "Junkbot", "build 2": "", "build 3": "", "build 1": "", "default": { "resistance_stagger": "0", "speed": "6", "vuln_zauber": "3", "resistance_bio": "100", "rifles": "0", "luck": "30", "vuln_mental": "3", "wtc": "12", "cosmic": "2", "resistance_normal": "65", "resistance_cyber": "100", "bio": "0", "mounted": "3", "resistance_cosmic": "50", "agile": "20", "gunsdrop": "100", "resistance_knockback": "100", "guts": "25", "might": "25", "weight": "28", "cyber": "5", "vuln_cosmic": "5", "pistols": "0", "automatic": "0", "piety": "15", "shotguns": "0", "resistance_zauber": "120", "projectile": "2", "hp": "30", "vuln_bio": "1", "mental": "0", "zauber": "0", "generic": "0", "resistance_mental": "75", "vuln_cyber": "5" } }, "sewerBeast_large": { "name": "Sewer Beast (Large)", "build 2": "", "build 3": "", "build 1": "", "default": { "resistance_stagger": "0", "speed": "8", "vuln_zauber": "3", "resistance_bio": "120", "rifles": "0", "luck": "1", "vuln_mental": "2", "wtc": "10", "cosmic": "0", "resistance_normal": "5", "resistance_cyber": "80", "bio": "10", "mounted": "10", "resistance_cosmic": "80", "agile": "10", "gunsdrop": "100", "resistance_knockback": "30", "guts": "26", "might": "10", "weight": "15", "cyber": "0", "vuln_cosmic": "3", "pistols": "0", "automatic": "1", "piety": "1", "shotguns": "10", "resistance_zauber": "80", "projectile": "0", "hp": "150", "vuln_bio": "5", "mental": "0", "zauber": "3", "generic": "1", "resistance_mental": "80", "vuln_cyber": "1" } }, "crabbold": { "name": "Crabbold", "build 2": "", "build 3": "", "build 1": "", "default": { "resistance_stagger": "0", "speed": "4", "vuln_zauber": "3", "resistance_bio": "150", "rifles": "0", "luck": "6", "vuln_mental": "1", "wtc": "10", "cosmic": "0", "resistance_normal": "25", "resistance_cyber": "100", "bio": "0", "mounted": "0", "resistance_cosmic": "80", "agile": "12", "gunsdrop": "0", "resistance_knockback": "0", "guts": "63", "might": "20", "weight": "18", "cyber": "0", "vuln_cosmic": "3", "pistols": "0", "automatic": "0", "piety": "6", "shotguns": "0", "resistance_zauber": "80", "projectile": "0", "hp": "60", "vuln_bio": "5", "mental": "0", "zauber": "0", "generic": "0", "resistance_mental": "80", "vuln_cyber": "1" } }, "werecroc": { "name": "Werecroc", "build 2": "", "build 3": "", "build 1": "", "default": { "resistance_stagger": "0", "speed": "4", "vuln_zauber": "3", "resistance_bio": "100", "rifles": "0", "luck": "5", "vuln_mental": "2", "wtc": "10", "cosmic": "0", "resistance_normal": "17", "resistance_cyber": "100", "bio": "0", "mounted": "0", "resistance_cosmic": "100", "agile": "10", "gunsdrop": "0", "resistance_knockback": "32", "guts": "36", "might": "40", "weight": "4", "cyber": "0", "vuln_cosmic": "3", "pistols": "0", "automatic": "0", "piety": "5", "shotguns": "0", "resistance_zauber": "50", "projectile": "0", "hp": "20", "vuln_bio": "5", "mental": "0", "zauber": "0", "generic": "0", "resistance_mental": "80", "vuln_cyber": "1" } }, "alienMenace_egg": { "name": "Alien Menace (Egg)", "build 2": "", "build 3": "", "build 1": "", "default": { "resistance_stagger": "0", "speed": "6", "vuln_zauber": "3", "resistance_bio": "50", "rifles": "0", "luck": "20", "vuln_mental": "5", "wtc": "10", "cosmic": "0", "resistance_normal": "5", "resistance_cyber": "50", "bio": "0", "mounted": "0", "resistance_cosmic": "50", "agile": "15", "gunsdrop": "0", "resistance_knockback": "0", "guts": "3", "might": "5", "weight": "3", "cyber": "0", "vuln_cosmic": "4", "pistols": "0", "automatic": "0", "piety": "5", "shotguns": "0", "resistance_zauber": "50", "projectile": "0", "hp": "15", "vuln_bio": "4", "mental": "0", "zauber": "0", "generic": "0", "resistance_mental": "50", "vuln_cyber": "1" } }, "vineMonster": { "name": "Vine Monster", "build 2": "", "build 3": "", "build 1": "", "default": { "resistance_stagger": "0", "speed": "3", "vuln_zauber": "4", "resistance_bio": "100", "rifles": "0", "luck": "8", "vuln_mental": "1", "wtc": "10", "cosmic": "0", "resistance_normal": "5", "resistance_cyber": "100", "bio": "0", "mounted": "0", "resistance_cosmic": "100", "agile": "15", "gunsdrop": "0", "resistance_knockback": "5", "guts": "20", "might": "10", "weight": "2", "cyber": "0", "vuln_cosmic": "3", "pistols": "0", "automatic": "0", "piety": "17", "shotguns": "0", "resistance_zauber": "80", "projectile": "0", "hp": "20", "vuln_bio": "5", "mental": "0", "zauber": "0", "generic": "0", "resistance_mental": "100", "vuln_cyber": "1" } }, "alienMenace_baby": { "name": "Alien Menace (Baby)", "build 2": "", "build 3": "", "build 1": "", "default": { "resistance_stagger": "0", "speed": "6", "vuln_zauber": "3", "resistance_bio": "50", "rifles": "0", "luck": "20", "vuln_mental": "5", "wtc": "10", "cosmic": "0", "resistance_normal": "3", "resistance_cyber": "50", "bio": "0", "mounted": "0", "resistance_cosmic": "50", "agile": "15", "gunsdrop": "0", "resistance_knockback": "0", "guts": "3", "might": "5", "weight": "3", "cyber": "0", "vuln_cosmic": "4", "pistols": "0", "automatic": "0", "piety": "5", "shotguns": "0", "resistance_zauber": "50", "projectile": "0", "hp": "15", "vuln_bio": "4", "mental": "0", "zauber": "0", "generic": "0", "resistance_mental": "50", "vuln_cyber": "1" } }, "guilder_von_miser": { "name": "Guilderberg Von Miser", "build 2": "", "build 3": "", "build 1": "", "default": { "resistance_stagger": "20", "speed": "45", "vuln_zauber": "3", "resistance_bio": "90", "rifles": "0", "luck": "45", "vuln_mental": "3", "wtc": "10", "cosmic": "0", "resistance_normal": "60", "resistance_cyber": "90", "bio": "0", "mounted": "0", "resistance_cosmic": "90", "agile": "45", "gunsdrop": "0", "resistance_knockback": "20", "guts": "45", "might": "45", "weight": "45", "cyber": "0", "vuln_cosmic": "3", "pistols": "0", "automatic": "0", "piety": "45", "shotguns": "0", "resistance_zauber": "90", "projectile": "0", "hp": "200", "vuln_bio": "3", "mental": "0", "zauber": "0", "generic": "0", "resistance_mental": "90", "vuln_cyber": "3" } }, "tengu_crossbow": { "name": "Tengu (Crossbow)", "build 2": "", "build 3": "", "build 1": "", "default": { "resistance_stagger": "0", "speed": "5.5", "vuln_zauber": "4", "resistance_bio": "120", "rifles": "0", "luck": "5", "vuln_mental": "3", "wtc": "10", "cosmic": "0", "resistance_normal": "20", "resistance_cyber": "150", "bio": "0", "mounted": "0", "resistance_cosmic": "100", "agile": "10", "gunsdrop": "0", "resistance_knockback": "0", "guts": "5", "might": "8", "weight": "15", "cyber": "0", "vuln_cosmic": "5", "pistols": "0", "automatic": "0", "piety": "4", "shotguns": "0", "resistance_zauber": "80", "projectile": "0", "hp": "15", "vuln_bio": "4", "mental": "0", "zauber": "0", "generic": "0", "resistance_mental": "100", "vuln_cyber": "2" } }, "tengu_normal": { "name": "Tengu (Normal)", "build 2": "", "build 3": "", "build 1": "", "default": { "resistance_stagger": "0", "speed": "5.5", "vuln_zauber": "4", "resistance_bio": "120", "rifles": "0", "luck": "5", "vuln_mental": "3", "wtc": "10", "cosmic": "0", "resistance_normal": "20", "resistance_cyber": "150", "bio": "0", "mounted": "0", "resistance_cosmic": "100", "agile": "10", "gunsdrop": "0", "resistance_knockback": "0", "guts": "5", "might": "8", "weight": "15", "cyber": "0", "vuln_cosmic": "5", "pistols": "0", "automatic": "0", "piety": "4", "shotguns": "0", "resistance_zauber": "80", "projectile": "0", "hp": "15", "vuln_bio": "4", "mental": "0", "zauber": "0", "generic": "0", "resistance_mental": "100", "vuln_cyber": "2" } }, "kobold_medium": { "name": "Kobold (Medium)", "build 2": "", "build 3": "", "build 1": "", "default": { "resistance_stagger": "15", "speed": "5", "vuln_zauber": "3", "resistance_bio": "120", "rifles": "3", "luck": "20", "vuln_mental": "2", "wtc": "10", "cosmic": "0", "resistance_normal": "20", "resistance_cyber": "60", "bio": "5", "mounted": "0", "resistance_cosmic": "100", "agile": "25", "gunsdrop": "90", "resistance_knockback": "15", "guts": "26", "might": "30", "weight": "33", "cyber": "0", "vuln_cosmic": "3", "pistols": "1", "automatic": "2", "piety": "20", "shotguns": "0", "resistance_zauber": "75", "projectile": "0", "hp": "40", "vuln_bio": "5", "mental": "0", "zauber": "2", "generic": "2", "resistance_mental": "50", "vuln_cyber": "1" } }, "crabcommando_body": { "name": "Crab Commando", "build 2": "", "build 3": "", "build 1": "", "default": { "resistance_stagger": "0", "speed": "0", "vuln_zauber": "2", "resistance_bio": "50", "rifles": "0", "luck": "5", "vuln_mental": "1", "wtc": "10", "cosmic": "0", "resistance_normal": "40", "resistance_cyber": "150", "bio": "0", "mounted": "0", "resistance_cosmic": "115", "agile": "20", "gunsdrop": "0", "resistance_knockback": "999", "guts": "300", "might": "40", "weight": "0", "cyber": "0", "vuln_cosmic": "4", "pistols": "0", "automatic": "0", "piety": "20", "shotguns": "0", "resistance_zauber": "80", "projectile": "0", "hp": "500", "vuln_bio": "0", "mental": "0", "zauber": "0", "generic": "0", "resistance_mental": "60", "vuln_cyber": "6" } }, "bugflower_nonmimic": { "name": "Enemy 29", "build 2": "", "build 3": "", "build 1": "", "default": { "resistance_stagger": "0", "speed": "0", "vuln_zauber": "0", "resistance_bio": "0", "rifles": "0", "luck": "0", "vuln_mental": "0", "wtc": "10", "cosmic": "0", "resistance_normal": "0", "resistance_cyber": "0", "bio": "0", "mounted": "0", "resistance_cosmic": "0", "agile": "0", "gunsdrop": "0", "resistance_knockback": "0", "guts": "0", "might": "0", "weight": "0", "cyber": "0", "vuln_cosmic": "0", "pistols": "0", "automatic": "0", "piety": "0", "shotguns": "0", "resistance_zauber": "0", "projectile": "0", "hp": "0", "vuln_bio": "0", "mental": "0", "zauber": "0", "generic": "0", "resistance_mental": "0", "vuln_cyber": "0" } }, "catfish_small": { "name": "Catfish (Small)", "build 2": "", "build 3": "", "build 1": "", "default": { "resistance_stagger": "0", "speed": "6.5", "vuln_zauber": "2", "resistance_bio": "90", "rifles": "1", "luck": "15", "vuln_mental": "3", "wtc": "7", "cosmic": "0", "resistance_normal": "20", "resistance_cyber": "90", "bio": "3", "mounted": "0", "resistance_cosmic": "90", "agile": "10", "gunsdrop": "60", "resistance_knockback": "5", "guts": "10", "might": "15", "weight": "17", "cyber": "0", "vuln_cosmic": "3", "pistols": "5", "automatic": "0", "piety": "10", "shotguns": "0", "resistance_zauber": "150", "projectile": "0", "hp": "30", "vuln_bio": "4", "mental": "0", "zauber": "1", "generic": "2", "resistance_mental": "50", "vuln_cyber": "2" } }, "duergar_brute1": { "name": "Duergar (Brute)", "build 2": "", "build 3": "", "build 1": "", "default": { "resistance_stagger": "0", "speed": "6", "vuln_zauber": "3", "resistance_bio": "120", "rifles": "0", "luck": "20", "vuln_mental": "2", "wtc": "10", "cosmic": "0", "resistance_normal": "65", "resistance_cyber": "120", "bio": "0", "mounted": "0", "resistance_cosmic": "110", "agile": "22", "gunsdrop": "0", "resistance_knockback": "50", "guts": "36", "might": "40", "weight": "0", "cyber": "0", "vuln_cosmic": "3", "pistols": "0", "automatic": "0", "piety": "20", "shotguns": "0", "resistance_zauber": "80", "projectile": "0", "hp": "20", "vuln_bio": "4", "mental": "0", "zauber": "0", "generic": "0", "resistance_mental": "80", "vuln_cyber": "3" } }, "ooze": { "name": "Ooze (Final Form)", "build 2": "", "build 3": "", "build 1": "", "default": { "resistance_stagger": "0", "speed": "6", "vuln_zauber": "3", "resistance_bio": "150", "rifles": "0", "luck": "26", "vuln_mental": "4", "wtc": "10", "cosmic": "0", "resistance_normal": "15", "resistance_cyber": "150", "bio": "0", "mounted": "0", "resistance_cosmic": "150", "agile": "50", "gunsdrop": "0", "resistance_knockback": "20", "guts": "36", "might": "50", "weight": "35", "cyber": "0", "vuln_cosmic": "3", "pistols": "0", "automatic": "0", "piety": "30", "shotguns": "0", "resistance_zauber": "150", "projectile": "0", "hp": "60", "vuln_bio": "4", "mental": "0", "zauber": "0", "generic": "0", "resistance_mental": "125", "vuln_cyber": "3" } }, "o_oilDrum": { "name": "oilDrum", "build 2": "", "build 3": "", "build 1": "", "default": { "resistance_stagger": "0", "speed": "0", "vuln_zauber": "0", "resistance_bio": "0", "rifles": "0", "luck": "0", "vuln_mental": "0", "wtc": "0", "cosmic": "0", "resistance_normal": "0", "resistance_cyber": "0", "bio": "0", "mounted": "0", "resistance_cosmic": "0", "agile": "0", "gunsdrop": "0", "resistance_knockback": "0", "guts": "0", "might": "0", "weight": "0", "cyber": "0", "vuln_cosmic": "0", "pistols": "0", "automatic": "0", "piety": "0", "shotguns": "0", "resistance_zauber": "0", "projectile": "0", "hp": "0", "vuln_bio": "0", "mental": "0", "zauber": "0", "generic": "0", "resistance_mental": "0", "vuln_cyber": "0" } }, "duergar_shield": { "name": "Duergar (Shield)", "build 2": "", "build 3": "", "build 1": "", "default": { "resistance_stagger": "0", "speed": "8", "vuln_zauber": "3", "resistance_bio": "150", "rifles": "0", "luck": "25", "vuln_mental": "2", "wtc": "10", "cosmic": "0", "resistance_normal": "50", "resistance_cyber": "150", "bio": "0", "mounted": "0", "resistance_cosmic": "120", "agile": "20", "gunsdrop": "0", "resistance_knockback": "20", "guts": "27", "might": "32", "weight": "8", "cyber": "0", "vuln_cosmic": "3", "pistols": "0", "automatic": "0", "piety": "20", "shotguns": "0", "resistance_zauber": "80", "projectile": "0", "hp": "15", "vuln_bio": "4", "mental": "0", "zauber": "0", "generic": "0", "resistance_mental": "80", "vuln_cyber": "3" } }, "devolution": { "name": "Enemy 0", "build 2": "", "build 3": "", "build 1": "", "default": { "speed": "0", "vuln_zauber": "0", "resistance_bio": "0", "luck": "0", "vuln_mental": "0", "resistance_normal": "0", "resistance_cyber": "0", "range": "0", "resistance_cosmic": "0", "agile": "0", "agile_level": "0", "might_level": "0", "resistance_knockback": "0", "guts": "0", "might": "0", "weight": "0", "guts_level": "0", "vuln_cosmic": "0", "luck_level": "0", "piety": "0", "piety_level": "0", "meleestr": "0", "roll": "0", "resistance_zauber": "0", "hp": "0", "vuln_bio": "0", "resistance_mental": "0", "vuln_cyber": "0" } }, "mosquito": { "name": "Mosquito", "build 2": "", "build 3": "", "build 1": "", "default": { "resistance_stagger": "0", "speed": "1", "vuln_zauber": "3", "resistance_bio": "100", "rifles": "0", "luck": "1", "vuln_mental": "3", "wtc": "10", "cosmic": "0", "resistance_normal": "1", "resistance_cyber": "100", "bio": "0", "mounted": "0", "resistance_cosmic": "100", "agile": "1", "gunsdrop": "0", "resistance_knockback": "1", "guts": "1", "might": "1", "weight": "1", "cyber": "0", "vuln_cosmic": "3", "pistols": "0", "automatic": "0", "piety": "1", "shotguns": "0", "resistance_zauber": "100", "projectile": "0", "hp": "9", "vuln_bio": "3", "mental": "0", "zauber": "0", "generic": "0", "resistance_mental": "100", "vuln_cyber": "3" } }, "wastelandScourge": { "name": "Scourge o' The Land", "build 2": "", "build 3": "", "build 1": "", "default": { "resistance_stagger": "0", "speed": "0", "vuln_zauber": "0", "resistance_bio": "0", "rifles": "0", "luck": "0", "vuln_mental": "0", "wtc": "0", "cosmic": "0", "resistance_normal": "0", "resistance_cyber": "0", "bio": "0", "mounted": "0", "resistance_cosmic": "0", "agile": "0", "gunsdrop": "0", "resistance_knockback": "0", "guts": "0", "might": "0", "weight": "0", "cyber": "0", "vuln_cosmic": "0", "pistols": "0", "automatic": "0", "piety": "0", "shotguns": "0", "resistance_zauber": "0", "projectile": "0", "hp": "0", "vuln_bio": "0", "mental": "0", "zauber": "0", "generic": "0", "resistance_mental": "0", "vuln_cyber": "0" } } }