12:47, Game loaded., NULL
12:45, marqueeBossName, 0
12:45, totalKills, 6
12:44, marqueeBossName, 0
12:44, totalKills, 7
12:43, marqueeBossName, 0
12:43, totalKills, 8
12:43, totalKills, 9
12:43, totalKills, 10
12:43, totalKills, 11
12:43, totalKills, 12
12:43, totalKills, 13
12:43, totalKills, 14
12:43, totalKills, 15
12:43, totalKills, 16
12:43, totalKills, 17
12:43, totalKills, 18
12:43, totalKills, 19
12:43, totalKills, 20
12:43, totalKills, 21
12:43, totalKills, 22
22:53, Game loaded., NULL
