{ "sn_enemy_sewerbeast_move01": 1.000000, "sn_periodic_released01": 1.000000, "sn_junkbot_tires_land02": 0.800000, "sn_enemy_brainmenace_atk01": 1.000000, "sn_explosion_generic_10_03": 1.000000, "sn_fishtrashing01": 1.000000, "sn_junkbot_partclink10": 0.800000, "sn_cc_riceballs_hover01": 1.000000, "sn_explosion_generic_02_01": 1.000000, "sn_cc_winter_hover02": 1.000000, "sn_gun_shellcasing_light_02": 0.800000, "sn_explosion_generic_07_01": 1.000000, "sn_spraypaintcan02": 1.000000, "sn_gun_shellcasing_shell_03": 0.800000, "sn_minirocketattack01": 1.000000, "sn_pdt_zorrosong01": 0.800000, "sn_huntingrifle9_1": 0.857870, "sn_handlock02": 0.800000, "sn_mg_knocking_victory": 0.800000, "sn_junkbot_alarm02": 0.800000, "sn_sewers_explosiverats_death02": 0.800000, "sn_enemy_duergar_impact02": 0.605556, "sn_enemy_cybergremlin_swipe02": 0.550000, "sn_enemy_vinemonster_spit02": 0.800000, "sn_lock3": 1.000000, "sn_rottengunfire02": 0.906481, "sn_fistpunch03": 0.857870, "sn_pdt_zorroCutoff": 0.899537, "sn_junkbot_missile_fire03": 0.800000, "sn_enemy_cybergremlin_battlecry02": 0.552315, "sn_junkbot_partclink02": 0.800000, "sn_bb_deathscream": 0.800000, "sn_debris_clatter08": 0.816204, "sn_explosion_generic_08_01": 1.000000, "sn_junkbot_chainsaw02": 0.800000, "sn_enemy_sewerbeastjr_death02": 1.000000, "sn_catfishsmall_dart02": 0.653356, "sn_dualpipes02": 0.857870, "sn_knocknote02": 1.000000, "sn_flashing01": 1.000000, "mus_charcreate": 0.800000, "sn_junkbot_partclink11": 0.800000, "sn_junkbot_tires_land03": 0.800000, "sn_explosion_generic_10_02": 1.000000, "sn_spraypaintcan03": 1.000000, "sn_plantmimic_strike01": 0.552315, "sn_gun_shellcasing_shell_02": 0.800000, "sn_windup01": 0.857870, "sn_weresnail_shotgun01": 0.800000, "sn_fishbonepickup01": 1.000000, "sn_mnu_gunInfoScreen01": 1.000000, "sn_enemy_duergar_leftfoot": 0.800000, "sn_hoopz_blunthit04": 0.702778, "sn_cc_winter_hover03": 1.000000, "sn_gun_shellcasing_light_03": 0.800000, "sn_crossbowproc": 1.000000, "sn_chairtransfer01": 0.800000, "sn_shekeltally01": 1.000000, "sn_enemy_duergar_impact03": 0.600926, "sn_tengu_clawattack03_": 1.000000, "sn_gun_swap01": 0.800000, "sn_mg_diving_toilet_scream": 1.000000, "sn_flamethrower_click03": 0.883333, "sn_dooropen_tech": 0.908796, "sn_junkbot_alarm03": 0.800000, "sn_bb_hawk": 0.800000, "sn_pdt_teardrop01": 0.800000, "sn_stonemoai": 1.000000, "sn_enemy_swampman_leftfootwater01": 0.800000, "sn_sewers_explosiverats_death03": 0.800000, "sn_enemy_cyberrat_alert01": 0.506019, "sn_hmg1_1": 0.800000, "sn_junkbot_partclink03": 0.800000, "sn_junkbot_missile_fire02": 0.800000, "sn_catfishsmall_dart03": 0.658796, "sn_knocknote03": 1.000000, "sn_hoopz_smallbullethit01": 0.621759, "sn_junkbot_chainsaw03": 0.800000, "sn_flamethrower_gas03": 0.800000, "sn_footstep_vrw_02": 1.000000, "sn_enemy_sewerbeastjr_death03": 1.000000, "sn_debris_clatter09": 0.800000, "sn_enemy_vinemonster_spit03": 0.800000, "sn_lock2": 1.000000, "sn_enemy_cybergremlin_swipe03": 0.510648, "sn_fungusgunshot01": 1.000000, "sn_enemy_swampman_battlecry01": 0.651852, "sn_enemy_kobold_medium_battlecry01": 0.800000, "sn_pdt_babbysawfull02": 1.000000, "sn_fistpunch02": 0.855556, "sn_enemy_vinemonster_alert01": 0.800000, "sn_rottengunfire03": 0.906481, "sn_explosion_generic_07_03": 1.000000, "sn_junkbot_laserrealease01": 0.600926, "sn_mouse_analoghover01": 1.000000, "sn_windup02": 0.855556, "sn_weresnail_shotgun02": 0.800000, "mus_rebelbase": 0.806945, "sn_huntingrifle9_3": 0.850926, "sn_pistol3_5": 0.800000, "sn_plantmimic_strike02": 0.554630, "sn_cc_button_cancel": 1.000000, "sn_gun_shellcasing_shell_01": 0.800000, "sn_explosion_generic_10_01": 1.000000, "sn_crowdchatter01": 0.800000, "sn_enemy_brainmenace_atk03": 0.952778, "sn_enemy_cybergremlin_rightfoot": 0.800000, "sn_tallgrass04": 1.000000, "sn_explosion_generic_02_03": 1.000000, "sn_rain_normal_indoors01": 0.973611, "sn_junkbot_partclink12": 0.800000, "sn_cc_riceballs_hover03": 1.000000, "sn_cc_tarot_spread": 1.000000, "sn_bb_damn": 0.800000, "sn_fishtrashing03": 1.000000, "sn_enemy_kobold_medium_battlecry02": 0.800000, "sn_enemy_swampman_battlecry02": 0.654167, "sn_enemy_vinemonster_alert02": 0.800000, "sn_fistpunch01": 0.853241, "sn_lock1": 1.000000, "sn_fungusgunshot02": 1.000000, "sn_pacify": 0.853241, "sn_hoopz_footR2": 0.901852, "sn_explosion_generic_08_03": 1.000000, "sn_hoopz_smallbullethit02": 0.631019, "sn_footstep_vrw_01": 1.000000, "sn_crabtron_photonloop04": 0.800000, "sn_hmg1_2": 0.800000, "sn_junkbot_missile_fire01": 0.800000, "mus_tnn_oldman": 0.800000, "sn_horseclop": 0.800000, "sn_gun_swap02": 0.800000, "sn_huntingrifle9_2": 0.855556, "sn_weresnail_shotgun03": 0.800000, "sn_tengu_clawattack02_": 1.000000, "sn_handlock01": 0.800000, "sn_spraypaintcan01": 1.000000, "sn_plantmimic_strike03": 0.550000, "sn_pistol3_4": 0.800000, "sn_explosion_generic_07_02": 1.000000, "sn_cc_winter_hover01": 1.000000, "sn_gun_shellcasing_light_01": 0.800000, "sn_cc_scanner_scan": 1.000000, "sn_junkbot_partclink13": 0.800000, "sn_cc_riceballs_hover02": 1.000000, "sn_explosion_generic_02_02": 1.000000, "sn_fishtrashing02": 1.000000, "sn_rocketshot01": 1.000000, "sn_enemy_sewerbeast_move02": 1.000000, "sn_junkbot_tires_land01": 0.800000, "sn_cardplayers_shuffle": 0.631019, "sn_enemy_brainmenace_atk02": 0.906481, "sn_hoopz_smallbullethit03": 0.624074, "sn_junkbot_chainsaw01": 0.800000, "sn_footstep_vrw_00": 1.000000, "sn_enemy_sewerbeastjr_death01": 1.000000, "sn_explosion_generic_08_02": 1.000000, "sn_catfishsmall_dart01": 0.651852, "sn_dualpipes01": 0.800000, "sn_knocknote01": 1.000000, "sn_mnu_noteFlipHeavy01": 1.000000, "sn_enemy_cybergremlin_battlecry01": 0.554630, "sn_hmg1_3": 0.800000, "sn_junkbot_partclink01": 0.800000, "sn_enemy_vinemonster_alert03": 0.800000, "sn_rottengunfire01": 0.904167, "sn_enemy_swampman_battlecry03": 0.651852, "sn_enemy_kobold_medium_battlecry03": 0.800000, "sn_enemy_cybergremlin_swipe01": 0.538426, "sn_fungusgunshot03": 1.000000, "sn_enemy_vinemonster_spit01": 0.800000, "sn_enemy_duergar_impact01": 0.605556, "sn_minigun7": 0.853241, "sn_hoopz_ladderclimb08": 0.800000, "sn_sewers_explosiverats_death01": 0.800000, "sn_utilityhumRIGHT01": 0.750000, "sn_mg_vrw_meditation": 0.864815, "sn_mnu_switchFlick01": 1.000000, "sn_junkbot_alarm01": 0.800000, "sn_gun_reload09": 0.800000, "sn_thorns02": 1.000000, "sn_werecroc_slashhit02": 0.857870, "sn_enemy_swampman_strike03": 0.800000, "sn_bulletricochet04": 0.800000, "sn_junkbot_hurt02": 0.800000, "sn_mg_wait_clock06": 0.885648, "sn_enemy_duergar_swipe02": 0.695833, "sn_fungusgrowth03": 1.000000, "sn_cc_name_lowercase": 1.000000, "sn_cc_wizard_talk02": 1.000000, "sn_wasteland_seagull01": 0.800000, "sn_enemy_ruineddroid_hover02": 0.506019, "sn_flaregun_explosion1_1": 0.800000, "sn_headlock01": 0.800000, "sn_lottocircle03": 1.000000, "sn_partitioning03": 0.587037, "sn_mountainpass_hawk01": 0.857870, "sn_environment_wastescape02": 0.906481, "sn_squish5": 1.000000, "sn_bugchatter01": 0.658796, "sn_trashtalk2_01": 1.000000, "sn_gun_click02": 0.901852, "sn_lurecast01": 1.000000, "sn_elevatorupattack01": 0.800000, "sn_debug_ten": 1.000000, "sn_crabtron_legmotor03": 1.000000, "sn_tengu_clawattack01_": 1.000000, "sn_catfishshield_death02": 0.607870, "sn_hoopz_money3": 0.800000, "sn_hoopzBranded": 0.850926, "sn_woodladder01": 0.800000, "sn_enemy_duergars_wizardfireball03": 1.000000, "sn_audiolog_mado": 1.000000, "sn_enemy_babyalien_hurt02": 0.800000, "sn_cc_click_jewel1": 1.000000, "sn_crabtron_jump02": 0.800000, "sn_junkgunfire02": 0.503704, "sn_cavewind03": 0.800000, "sn_cc_inkblots_right": 1.000000, "sn_weresnail_battlecry03": 0.800000, "sn_enemy_cybergremlin_takeoff2": 0.837037, "sn_withering02": 0.800000, "sn_debug_two": 0.800000, "sn_cc_dwarf_select02": 1.000000, "sn_hoopz_bbshoe01": 1.000000, "sn_manholecover02": 1.000000, "sn_junkbot_hurt03": 0.800000, "sn_mg_wait_clock07": 0.881019, "sn_industrialfan1": 0.254283, "sn_fishingreel01": 1.000000, "sn_swampfrogs01": 0.853241, "sn_cc_wizard_talk03": 1.000000, "sn_enemy_duergar_swipe03": 0.800000, "sn_plantmimicvine_rattle08": 0.800000, "sn_tranqrifle1_1": 0.800000, "sn_fungusgrowth02": 1.000000, "sn_mg_wait_bell01": 0.800000, "sn_thorns03": 1.000000, "sn_gun_reload08": 0.800000, "sn_bubbles01": 1.000000, "sn_gun_shellcasing_heavy_06": 0.656481, "sn_doublebarreledshotgun1_1": 0.800000, "sn_enemy_swampman_strike02": 0.800000, "sn_cc_hoverover": 1.000000, "sn_werecroc_slashhit03": 0.855556, "sn_junkbot_death01": 0.800000, "sn_computerguy_typing": 0.800000, "sn_crabtron_photonspawn01": 0.705093, "sn_enemy_ruineddroid_hover03": 0.503704, "sn_environment_wastescape03": 0.908796, "sn_lottocircle02": 1.000000, "sn_partitioning02": 0.584722, "sn_enemy_duergars_wizardfireball02": 1.000000, "sn_bb_scoretally": 0.800000, "sn_mynthos_totembreak01": 0.506019, "sn_junkbot_pickuppart01": 0.800000, "sn_doorknock": 1.000000, "sn_crabtron_legmotor02": 1.000000, "sn_doorclosed_plain": 0.857870, "sn_hoopz_money2": 0.800000, "sn_utilitycursor_buttondisabled01": 0.800000, "sn_catfishshield_death03": 0.603241, "sn_catfishshield_meleeattack01": 1.000000, "sn_enemy_cybergremlin_takeoff3": 0.800000, "sn_weresnail_battlecry02": 0.800000, "sn_cc_scanner_genetic": 1.000000, "sn_flintlock_sustain": 0.725926, "mus_political_yskolob": 0.700463, "sn_cc_dwarf_select03": 1.000000, "sn_withering03": 0.800000, "sn_cc_wizard_arms": 1.000000, "sn_cc_crest_spray": 1.000000, "sn_enemy_babyalien_hurt03": 0.800000, "sn_cavewind02": 0.850926, "sn_junkgunfire03": 0.506019, "sn_crabtron_jump03": 0.800000, "sn_mountainpass_hawk03": 0.850926, "sn_bugchatter03": 0.651852, "sn_pistolproc": 1.000000, "sn_lottocircle01": 1.000000, "sn_partitioning01": 0.589352, "sn_flaregun_explosion1_3": 0.800000, "sn_crabtron_photonspawn02": 0.705093, "sn_coolingtank": 0.800000, "sn_cc_crest_wipe": 1.000000, "sn_hoopzSpanked": 1.000000, "sn_junkbot_death02": 0.800000, "sn_trashtalk2_03": 1.000000, "sn_doublebarreledshotgun1_2": 0.800000, "sn_digitalselect01": 1.000000, "sn_gun_shellcasing_heavy_05": 0.656481, "sn_enemy_swampman_strike01": 0.800000, "sn_dojogrunt05": 1.000000, "sn_ptonyright": 0.552315, "sn_mnu_DNAOpen": 1.000000, "sn_swampfrogs02": 0.855556, "sn_dwarf_angry01": 0.800000, "sn_wasteland_seagull03": 0.800000, "sn_garagedoor02": 1.000000, "sn_tranqrifle1_2": 0.800000, "sn_fungusgrowth01": 1.000000, "sn_caravanmonster_roar": 1.000000, "sn_manholecover01": 1.000000, "sn_mg_wait_clock04": 0.885648, "sn_hoopz_bbshoe02": 1.000000, "sn_industrialfan2": 0.468981, "sn_mnu_loveButtonTransition01": 1.000000, "sn_dooropen_sewer": 0.756019, "sn_cavewind01": 0.800000, "sn_debug_five": 1.000000, "mus_dnet_track9": 0.800000, "sn_env_waterRushing01": 1.000000, "sn_weresnail_battlecry01": 0.800000, "sn_cc_tarot_gather": 1.000000, "sn_hoopz_money1": 0.800000, "sn_catfishshield_meleeattack02": 1.000000, "sn_cc_scanner_transfer": 1.000000, "sn_crabtron_legmotor01": 1.000000, "sn_mynthoswindblizzard01": 0.850926, "sn_enemy_duergars_wizardfireball01": 1.000000, "sn_cavecrystalroom01": 0.300926, "sn_mynthos_totembreak02": 0.545370, "sn_junkbot_pickuppart02": 0.800000, "sn_mnu_switchroomenter": 1.000000, "sn_cc_multiple_choice_accept": 1.000000, "sn_junkbot_death03": 0.800000, "sn_trashtalk2_02": 1.000000, "sn_gun_click01": 0.890278, "sn_mountainpass_hawk02": 0.855556, "sn_environment_wastescape01": 0.906481, "sn_bugchatter02": 0.656481, "sn_enemy_ruineddroid_hover01": 0.503704, "sn_headlock02": 0.800000, "sn_flaregun_explosion1_2": 0.800000, "sn_crabtron_photonspawn03": 0.705093, "sn_enemy_duergar_swipe01": 0.892593, "sn_garagedoor03": 1.000000, "sn_tranqrifle1_3": 0.800000, "sn_wasteland_seagull02": 0.800000, "sn_swampfrogs03": 0.857870, "sn_cc_wizard_talk01": 1.000000, "sn_itemnotify01": 1.000000, "sn_mg_diving_boom": 1.000000, "sn_flamethrower_sustain03": 0.800000, "sn_enemy_kobold_small_battlecry04": 0.633333, "sn_busted01": 0.800000, "sn_hoopz_bbshoe03": 1.000000, "sn_cc_wiping": 1.000000, "sn_junkbot_hurt01": 0.800000, "sn_mg_wait_clock05": 0.887963, "sn_werecroc_slashhit01": 0.857870, "sn_gun_shellcasing_heavy_04": 0.651852, "sn_doublebarreledshotgun1_3": 0.800000, "sn_dojogrunt04": 1.000000, "sn_cc_name_premade": 1.000000, "sn_thorns01": 1.000000, "sn_withering01": 0.628704, "sn_flamethrower_release03": 0.800000, "sn_cc_dwarf_select01": 1.000000, "sn_enemy_cybergremlin_takeoff1": 0.850926, "sn_crabtron_jump01": 0.800000, "sn_junkgunfire01": 0.501389, "sn_cc_scanner_dna": 1.000000, "sn_cc_click_jewel2": 1.000000, "mus_dnet_track8": 0.800000, "sn_enemy_babyalien_hurt01": 0.800000, "sn_longinusdoor_knock01": 1.000000, "sn_dnet_subforum_webcomix": 0.800000, "sn_woodladder02": 0.800000, "sn_mynthos_totembreak03": 0.506019, "sn_junkbot_pickuppart03": 0.800000, "sn_cc_scanner_assemble": 1.000000, "sn_biotek_button": 0.800000, "sn_debug_nine": 1.000000, "sn_catfishshield_death01": 0.605556, "sn_catfishshield_meleeattack03": 1.000000, "sn_sewers_drip": 0.800000, "sn_mnu_noteFlipLight01": 1.000000, "sn_crabtron_photonland04": 0.654167, "sn_smg6": 1.000000, "sn_junkbot_partclink14": 0.800000, "sn_horsewin": 0.800000, "sn_junkbot_missile_impact02": 0.800000, "sn_enemy_brainmenace_slash03": 0.876389, "sn_cc_name_click3": 1.000000, "sn_tallgrass02": 1.000000, "sn_junkbot_gas_spray03": 0.800000, "sn_windup04": 0.800000, "sn_pdt_candledrip01": 0.800000, "sn_critical": 0.850926, "sn_enemy_kobold_swipe01": 0.707407, "sn_flaregun1_2": 0.800000, "sn_waterwheel_basshum01": 1.000000, "sn_mnu_dnaSpliceScene02": 1.000000, "sn_bonegunfire02": 0.700463, "sn_weresnail_swim02": 0.800000, "sn_gun_shellcasing_light_06": 0.800000, "sn_bb_laugh": 0.800000, "sn_hoopz_blunthit01": 0.700463, "sn_dartgunfire02": 0.857870, "sn_utilityhumLEFT01": 0.756944, "sn_junkbot_connectpart02": 0.800000, "sn_mg_puzzlelock_button1": 0.856481, "sn_elephantgun1_2": 0.800000, "sn_cc_generic_hover": 1.000000, "sn_bb_orchit": 0.800000, "sn_godless01": 0.951389, "sn_waterrushing03": 1.000000, "sn_enemy_ruineddroid_bounce02": 0.923611, "sn_weresnail_slime01": 0.800000, "sn_cursor_select01": 0.800000, "sn_bb_trapshit": 0.800000, "sn_enemy_swampman_atk03": 0.800000, "sn_crabtron_photonloop02": 0.800000, "sn_caverumble01": 0.951389, "sn_dnet_modem": 0.906481, "sn_junkbot_partclink06": 0.800000, "sn_machinemonitor01": 0.508333, "sn_enemy_sewerbeast_battlecry02": 0.800000, "sn_mynthos_totemhurt02": 0.709722, "sn_enemy_kobold_medium_battlecry04": 0.800000, "sn_crabtron_land02": 0.654167, "sn_mnu_bigSwitch01": 1.000000, "sn_dnet_subforum_politix": 0.800000, "sn_enemy_brainmenace_slash02": 0.890278, "sn_enemy_brainmenace_atk04": 0.959722, "sn_stepstrailing1": 0.800000, "sn_junkbot_gas_spray02": 0.800000, "sn_tallgrass03": 1.000000, "sn_cc_corncobs_select01": 1.000000, "sn_enemy_sewerbeast_move04": 1.000000, "sn_cc_name_click2": 1.000000, "sn_junkbot_partclink15": 0.800000, "sn_junkbot_missile_impact03": 0.800000, "sn_cc_anime_hover01": 1.000000, "sn_dnet_subforum_dating": 0.800000, "sn_dartgunfire03": 0.855556, "sn_gun_shellcasing_light_07": 0.800000, "sn_weresnail_swim03": 0.800000, "sn_elephantgun1_3": 0.800000, "sn_enemy_duergar_battlecry01": 1.000000, "sn_junkbot_connectpart03": 0.800000, "mus_diving": 0.800000, "mus_swp_accousticarea": 0.800000, "sn_bonegunfire03": 0.702778, "sn_gun_shellcasing_shell_06": 0.800000, "sn_pistol3_2": 0.800000, "sn_flaregun1_3": 0.800000, "sn_waterrushing02": 1.000000, "sn_swampmosquito01": 0.800000, "sn_cavebatsgroup01": 0.434259, "sn_enemy_ruineddroid_bounce03": 0.923611, "sn_enemy_babyalien_death01": 0.800000, "sn_shotgun9": 0.800000, "sn_hoopz_demiseBHROOM01": 1.000000, "sn_crabtron_land03": 0.651852, "sn_mynthos_totemhurt03": 0.700463, "mus_sinsofthefatherTEMP": 0.800000, "sn_enemy_swampman_atk02": 0.800000, "sn_crabtron_photonloop03": 0.800000, "sn_junkbot_partclink07": 0.800000, "sn_almaberga_snoreIn": 0.404167, "sn_horsecount": 0.800000, "sn_dnet_subforum_salutations": 0.800000, "sn_enemy_kobold_swipe03": 0.705093, "sn_gun_shellcasing_shell_05": 0.800000, "sn_pdt_glassbreak01": 0.800000, "sn_windup06": 0.855556, "sn_enemy_duergar_battlecry02": 1.000000, "sn_rain_light_indoors01": 1.000000, "sn_mg_puzzlelock_button3": 0.858796, "sn_gun_shellcasing_light_04": 0.800000, "sn_hoopz_blunthit03": 0.702778, "sn_watertank01": 0.800000, "sn_cc_anime_hover02": 1.000000, "sn_junkgundebris08": 0.800000, "sn_abdul_glass": 0.508333, "sn_junkbot_partclink16": 0.800000, "sn_dnet_subforum_ads": 0.800000, "sn_junkbot_gas_spray01": 0.800000, "sn_stepstrailing2": 0.800000, "sn_wiping": 1.000000, "sn_cc_name_click1": 1.000000, "sn_cc_corncobs_select02": 1.000000, "sn_enemy_brainmenace_slash01": 0.885648, "sn_splashobject09": 1.000000, "sn_sewerbeast_chain": 0.800000, "sn_machinelevel": 1.000000, "sn_junkbot_partclink04": 0.800000, "sn_zauber_gravitywell": 1.000000, "sn_knocknote04": 1.000000, "sn_enemy_swampman_atk01": 0.800000, "sn_machinegunproc": 1.000000, "sn_enemy_cybergremlin_swipe04": 0.573148, "sn_godless03": 0.953704, "sn_enemy_babyalien_death02": 0.800000, "sn_swampmosquito02": 0.800000, "sn_weresnail_slime03": 0.800000, "sn_cavebatsgroup02": 0.387963, "sn_bankalarm01": 1.000000, "sn_mountain_waterfall01": 1.000000, "sn_waterrushing01": 1.000000, "sn_enemy_cyberrat_hurt01": 0.420370, "sn_elephantgun1_1": 0.800000, "sn_junkbot_connectpart01": 0.800000, "sn_mg_puzzlelock_button2": 0.850926, "sn_weresnail_swim01": 0.800000, "sn_hoopz_blunthit02": 0.702778, "sn_dartgunfire01": 0.853241, "sn_gun_shellcasing_light_05": 0.800000, "sn_gun_shellcasing_shell_04": 0.800000, "sn_enemy_kobold_swipe02": 0.550000, "sn_flaregun1_1": 0.800000, "sn_bonegunfire01": 0.707407, "sn_cupfilling01": 0.556944, "sn_tallgrass01": 1.000000, "sn_cc_corncobs_select03": 1.000000, "sn_stepstrailing3": 0.800000, "sn_splashobject08": 1.000000, "mus_tnn_bootyclapper": 0.800000, "sn_junkbot_missile_impact01": 0.800000, "sn_cc_anime_hover03": 1.000000, "sn_bb_coffee": 0.800000, "sn_lock4": 1.000000, "sn_mynthos_totemhurt01": 0.702778, "sn_enemy_sewerbeast_battlecry01": 0.800000, "sn_crabtron_land01": 0.651852, "sn_machinemonitor02": 0.503704, "sn_junkbot_partclink05": 0.800000, "sn_crabtron_photonloop01": 0.800000, "sn_choboni": 0.800000, "mus_pdt_heartbeat": 0.800000, "sn_cavebatsgroup03": 0.506019, "sn_enemy_ruineddroid_bounce01": 0.928241, "sn_weresnail_slime02": 0.800000, "sn_swampmosquito03": 0.800000, "sn_dooropen_tnn": 0.800000, "sn_minigun3": 0.860185, "mus_fishing_casualTEMP": 1.000000, "mus_OligarchyOnline": 1.000000, "sn_godless02": 0.956019, "sn_pdt_cartoonfight01": 0.853241, "sn_enemy_babyalien_death03": 0.800000, "sn_sewers_explosiverats_hurt02": 0.401852, "sn_sewerbeastwhip03": 1.000000, "sn_swampfrogs04": 0.855556, "sn_enemy_babyalien_egghurt01": 0.728241, "sn_enemy_kobold_small_battlecry03": 0.800000, "sn_junkbot_hurt06": 0.800000, "sn_mg_wait_clock02": 0.883333, "sn_musket1_2": 0.800000, "sn_hoopz_bbshoe04": 1.000000, "sn_tengu_hurt01": 1.000000, "sn_gun_shellcasing_heavy_03": 0.656481, "sn_sniperrifle1_2": 0.800000, "sn_dojogrunt03": 1.000000, "sn_enemy_sewerbeastjr_spit03": 0.508333, "sn_crabtron_furnaceflare01": 0.651852, "sn_pdt_babbysawidle01": 1.000000, "sn_trashtalk2_05": 1.000000, "sn_cc_dwarf_hover03": 1.000000, "sn_explosion_generic_09_03": 1.000000, "sn_catfishshield_netimpact03": 0.950463, "sn_bugchatter05": 0.702778, "sn_carapacing01": 0.600926, "sn_environment_wastescape06": 0.899537, "sn_crabtron_photonspawn04": 0.702778, "sn_hoopz_candy05": 0.901852, "sn_plantmimic_battlecry03": 0.563889, "sn_catfishshield_netswing01": 1.000000, "mus_gbl_aristocrat": 0.800000, "sn_digitalhit01": 1.000000, "sn_tummyrumble01": 1.000000, "sn_hoopz_acidhit01": 0.800000, "sn_enemy_sewerbeast_scream01": 0.550000, "sn_explosion_generic_03_03": 1.000000, "sn_enemy_cybergremlin_jetpack2": 0.450463, "sn_pistol6_2": 0.800000, "sn_cc_tarot_flip": 1.000000, "sn_catfishshield_grunt02": 0.603241, "sn_utilitycursor_buttonclick01": 0.800000, "sn_bonegunimpact03": 0.573148, "sn_crabtron_photonland03": 0.651852, "sn_mg_wait_clock10": 0.881019, "sn_explosion_generic_06_03": 1.000000, "sn_thunder09": 0.800000, "sn_catfishsmall_alert02": 0.707407, "sn_enemy_ruineddroid_death03": 0.846296, "sn_waterwheel_largegear01": 1.000000, "sn_largerocketattack01": 1.000000, "sn_mnu_buttonBackground01": 1.000000, "sn_hildeburga_wrench01": 0.603241, "sn_weresnail_death03": 0.800000, "sn_catfishshield_atk01": 0.603241, "sn_gun_shellcasing_heavy_02": 0.656481, "sn_sniperrifle1_3": 0.800000, "mus_wilmer": 0.800000, "sn_bulletricochet01": 0.800000, "sn_lurefall01": 1.000000, "sn_fishhooked01": 1.000000, "sn_enemy_sewerbeastjr_spit02": 0.503704, "sn_dojogrunt02": 1.000000, "sn_wasteland_seagull04": 1.000000, "sn_swampfrogs05": 0.857870, "sn_sewers_explosiverats_hurt03": 0.401852, "sn_sewerbeastwhip02": 1.000000, "sn_waterwheel_water01": 1.000000, "sn_junkbot_hurt07": 0.800000, "sn_mg_wait_clock03": 0.887963, "sn_musket1_3": 0.800000, "sn_enemy_brainmenace_smash01": 0.800000, "sn_enemy_kobold_small_battlecry02": 0.857870, "sn_bugchatter04": 0.651852, "sn_environment_wastescape07": 0.904167, "sn_bb_chimp": 0.800000, "sn_explosion_generic_09_02": 1.000000, "sn_catfishshield_netimpact02": 0.957407, "sn_enemy_brainmenace_scream01": 0.800000, "sn_dnet_subforum_religion": 0.800000, "sn_franciumorbloop01": 1.000000, "sn_cc_dwarf_hover02": 1.000000, "sn_altijd_pencil1": 1.000000, "sn_trashtalk2_04": 1.000000, "sn_explosion_generic_03_02": 1.000000, "sn_enemy_cybergremlin_jetpack3": 0.450463, "sn_pistol6_3": 0.800000, "sn_crabtron_photonland02": 0.651852, "sn_enemy_brainmenace_prepare01": 0.800000, "sn_catfishshield_grunt03": 0.600926, "sn_elevatordownrlease01": 0.855556, "sn_bonegunimpact02": 0.577778, "sn_tengu_alert02": 1.000000, "sn_letsplay_banger_army": 1.000000, "sn_hoopz_candy04": 0.901852, "sn_plantmimic_battlecry02": 0.563889, "sn_smg3_1": 0.800000, "sn_weresnail_death02": 0.800000, "sn_pdt_wilhelm01": 1.000000, "sn_explosion_generic_06_02": 1.000000, "sn_cavedrip01": 0.800000, "sn_thunder08": 0.800000, "sn_stonegunimpact01": 0.850926, "sn_utilitycursor_buttonanalogclick01": 0.800000, "sn_enemy_ruineddroid_death02": 0.848611, "sn_rocketimpact01": 1.000000, "sn_catfishsmall_alert03": 0.700463, "sn_cc_dwarf_hover01": 1.000000, "sn_franciumorbloop02": 1.000000, "sn_altijd_pencil2": 1.000000, "sn_enemy_brainmenace_scream02": 0.800000, "sn_crabtron_furnaceflare03": 0.651852, "sn_cavebatsingle09": 0.480556, "sn_enemy_ruineddroid_hover04": 0.800000, "sn_dnet_subforum_fruit": 0.800000, "sn_bugchatter07": 0.651852, "sn_carapacing03": 0.600926, "sn_environment_wastescape04": 0.906481, "sn_explosion_generic_09_01": 1.000000, "sn_babbywin": 0.745370, "sn_catfishshield_netimpact01": 0.952778, "sn_junkbot_hurt04": 0.800000, "sn_tengu_hurt03": 1.000000, "sn_enemy_kobold_small_battlecry01": 0.850926, "sn_enemy_brainmenace_smash02": 0.800000, "sn_periodic_charged01": 1.000000, "sn_enemy_babyalien_egghurt03": 0.723611, "sn_waterwheel_water02": 1.000000, "sn_sewerbeastwhip01": 1.000000, "sn_enemy_sewerbeastjr_spit01": 0.503704, "mus_tnn_guillaume": 0.800000, "sn_duergar_agree01": 0.850926, "sn_mnu_dnaSpliceScene": 1.000000, "sn_dojogrunt01": 1.000000, "sn_bulletricochet02": 0.800000, "sn_gun_shellcasing_heavy_01": 0.656481, "sn_gordodeath01": 1.000000, "sn_enemy_ruineddroid_death01": 0.846296, "sn_waterwheel_largegear03": 1.000000, "mus_tnn_jockjam": 0.800000, "sn_explosion_generic_06_01": 1.000000, "sn_cavedrip02": 0.800000, "sn_stonegunimpact02": 0.855556, "sn_catfishshield_atk03": 0.605556, "sn_hildeburga_wrench03": 0.605556, "sn_weresnail_death01": 0.800000, "sn_hoopz_acidhit03": 0.800000, "sn_dwarfchain": 0.656481, "sn_bb_llama": 0.800000, "sn_digitalhit03": 1.000000, "sn_plantmimic_battlecry01": 0.566204, "sn_smg3_2": 0.800000, "sn_tengu_alert01": 1.000000, "sn_catfishshield_netswing03": 1.000000, "sn_crabtron_photonland01": 0.656481, "sn_enemy_swampman_leftfootland01": 0.800000, "sn_bonegunimpact01": 0.575463, "sn_enemy_brainmenace_prepare02": 0.800000, "sn_explosion_generic_03_01": 1.000000, "sn_cc_tarot_sync": 1.000000, "sn_cts_mudspray01": 0.800000, "sn_bugchatter06": 0.707407, "sn_carapacing02": 0.600926, "sn_environment_wastescape05": 0.906481, "sn_altijd_pencil3": 0.992130, "sn_crabtron_furnaceflare02": 0.651852, "sn_cavebatsingle08": 0.485185, "sn_mg_wrong": 0.904167, "sn_sniperrifle1_1": 0.800000, "sn_bulletricochet03": 0.800000, "sn_enemy_brainmenace_smash03": 0.800000, "mus_sneakalarmTEMP": 1.000000, "sn_tengu_hurt02": 1.000000, "sn_junkbot_hurt05": 0.800000, "sn_mg_wait_clock01": 0.881019, "sn_musket1_1": 0.800000, "sn_sewers_explosiverats_hurt01": 0.404167, "sn_fungusgrowth04": 1.000000, "mus_pea_mountain": 1.000000, "sn_enemy_babyalien_egghurt02": 0.728241, "sn_hildeburga_wrench02": 0.603241, "sn_catfishshield_atk02": 0.600926, "sn_waterwheel_largegear02": 1.000000, "sn_catfishsmall_alert01": 0.707407, "sn_doorclosed_tech": 0.904167, "sn_stonegunimpact03": 0.855556, "sn_cavedrip03": 0.800000, "sn_bb_apple": 0.800000, "sn_enemy_brainmenace_prepare03": 0.800000, "sn_catfishshield_grunt01": 0.603241, "sn_enemy_sewerbeast_scream02": 0.556944, "sn_enemy_cybergremlin_jetpack1": 0.450463, "sn_pistol6_1": 0.800000, "sn_letsplay_subscribe": 1.000000, "sn_enemy_ruineddroid_open": 0.855556, "sn_hoopz_acidhit02": 0.800000, "sn_catfishshield_netswing02": 1.000000, "sn_hoopz_candy06": 0.800000, "sn_smg3_3": 0.800000, "sn_digitalhit02": 1.000000, "sn_werecroc_prehit01": 1.000000, "sn_crabtron_alert04": 0.668056, "sn_puddlestep02": 0.800000, "sn_werecroc_hunger01": 0.855556, "sn_enemy_babyalien_alert02": 0.436574, "sn_winddown02": 0.800000, "sn_bb_foghorn": 0.800000, "sn_catfishshield_linebreak01": 0.800000, "sn_guncrossbow_reload03": 0.800000, "sn_mg_diving_hit3": 1.000000, "sn_revolvershotgun1_1": 0.800000, "mus_blankTEMP": 0.800000, "sn_enemy_duergar_grunt02": 0.904167, "sn_enemy_duergar_atk02": 1.000000, "sn_debris_clatter12": 0.800000, "sn_cursor_pausemenu01": 1.000000, "sn_gutterhound_swallow": 1.000000, "sn_assaultrifle1_2": 0.853241, "sn_junkgundebris06": 0.800000, "sn_junkbot_flame03": 0.800000, "sn_mouse_select01": 0.800000, "sn_cc_fire_select01": 1.000000, "sn_generic_metalres03": 0.800000, "sn_revolver1_3": 0.800000, "sn_mynthos_scream01": 0.800000, "sn_waterharsh04": 0.906481, "sn_cc_hover_jewel2": 1.000000, "sn_hotspring06": 0.506019, "sn_splashobject07": 1.000000, "sn_gun_shellcasing_medium_05": 0.707407, "sn_mg_diving_toilet_swirl": 1.000000, "sn_gun_pickup01": 0.806944, "sn_werecroc_snapkill01": 1.000000, "sn_enemy_sewerbeast_death01": 0.800000, "sn_hoopz_firehit04": 1.000000, "mus_tnn_shadowrun2": 0.305208, "sn_bonedebris04": 0.790741, "sn_pdt_alert01": 0.853241, "sn_enemy_ruineddroid_hit03": 0.501389, "sn_catfishsmall_atk03": 0.712037, "sn_shotgun_reload02": 0.800000, "sn_cc_vidcon_hover01": 1.000000, "sn_dooropen_slab": 0.751389, "sn_generic_thinmetal03": 0.860185, "sn_hoopz_ladderclimb03": 0.800000, "sn_pdt_fireflys01": 0.800000, "sn_plantmimic_death03": 0.600926, "sn_malnourishing03": 0.702778, "sn_mountainstream01": 0.553472, "mus_dracula": 0.800000, "sn_enemy_ruineddroid_shock02": 0.857870, "sn_coolingunit": 0.852430, "sn_guncrossbow_reload02": 0.800000, "sn_mg_diving_hit2": 1.000000, "sn_junkbot_tires_hop01": 0.800000, "sn_enemy_duergar_grunt03": 0.908796, "sn_explosion_generic_00_01": 1.000000, "sn_enemy_babyalien_alert03": 0.434259, "sn_revolver1_2": 0.800000, "sn_bb_fanfare": 0.800000, "sn_explosion_generic_05_01": 1.000000, "sn_enemy_cybergremlin_gun04": 0.855556, "sn_generic_metalres02": 0.800000, "sn_cc_fire_hover01": 1.000000, "sn_tengu_death01_": 1.000000, "sn_splashobject06": 1.000000, "sn_debris_clatter13": 0.800000, "sn_giantvine01": 1.000000, "sn_dartgunimpact01": 0.408796, "sn_junkbot_flame02": 0.800000, "sn_enemy_brainmenace_tackle01": 0.800000, "sn_assaultrifle1_3": 0.853241, "sn_junkgundebris07": 0.800000, "sn_mnu_switchRoomEnter01": 1.000000, "sn_occupiedduergar_pissing": 1.000000, "sn_enemy_vinemonster_scream01": 0.800000, "mus_snail_ambush": 0.800000, "sn_sustain02": 0.952778, "sn_mg_diving_explosion1": 1.000000, "sn_debug_three": 0.800000, "sn_enemy_kobold_small_atk01": 0.830093, "sn_tengu_wings02_": 1.000000, "sn_gun_shellcasing_medium_04": 0.705093, "sn_debris_clatter01": 0.800000, "sn_digitalhover01": 1.000000, "sn_malnourishing02": 0.705093, "sn_enemy_ruineddroid_shock03": 0.850926, "sn_generic_thinmetal02": 0.862500, "sn_hoopz_ladderclimb02": 0.800000, "sn_enemy_kobold_medium_death01": 0.800000, "sn_enemy_ruineddroid_hit02": 0.506019, "sn_catfishsmall_atk02": 0.686574, "sn_shotgun_reload03": 0.800000, "sn_plantmimic_death02": 0.603241, "sn_shotgun5": 1.000000, "sn_enemy_brainmenace_tackle02": 0.800000, "sn_junkgundebris04": 0.800000, "sn_eric_fly": 0.806944, "sn_junkbot_flame01": 0.800000, "sn_elevatordownattack01": 0.853241, "sn_debris_clatter10": 0.800000, "sn_dartgunimpact02": 0.464352, "sn_hotspring04": 0.501389, "sn_splashobject05": 1.000000, "sn_mountainwind04": 0.700463, "sn_cc_pickme3": 1.000000, "sn_revolver1_1": 0.800000, "sn_cc_fire_select03": 1.000000, "sn_generic_metalres01": 0.800000, "sn_cc_fire_hover02": 1.000000, "sn_talk5": 0.800000, "sn_explosion_generic_05_02": 1.000000, "sn_waterwheel_wheelgears01": 1.000000, "sn_werecroc_hunger03": 0.800000, "sn_werecroc_prehit03": 1.000000, "sn_explosion_generic_00_02": 1.000000, "sn_revolvershotgun1_3": 0.800000, "mus_eurotrash_slow": 0.800000, "sn_catfishshield_linebreak03": 0.800000, "sn_guncrossbow_reload01": 0.800000, "sn_mg_diving_hit1": 1.000000, "sn_junkbot_tires_hop02": 0.800000, "sn_plantmimic_death01": 0.603241, "mus_tnn_bootylectro": 0.800000, "sn_shotgun6": 0.800000, "sn_cc_vidcon_hover03": 1.000000, "sn_generic_thinmetal01": 0.867130, "sn_hoopz_ladderclimb01": 0.800000, "sn_enemy_kobold_medium_death02": 0.800000, "sn_enemy_ruineddroid_hit01": 0.503704, "sn_catfishsmall_atk01": 0.735185, "sn_babbyhurt": 0.804630, "sn_caravan_here_they_come": 1.000000, "sn_cc_scanner_flash": 1.000000, "sn_trashtalk1_04": 1.000000, "sn_gutterhound_knockover": 1.000000, "sn_cc_button_accept": 1.000000, "sn_malnourishing01": 0.707407, "sn_mountainstream03": 0.553472, "sn_werecroc_snapkill03": 1.000000, "sn_enemy_sewerbeast_death03": 0.800000, "sn_debris_clatter02": 0.800000, "sn_junkbot_partclink08": 0.800000, "sn_mg_diving_explosion2": 1.000000, "mus_sw1_new2": 0.459722, "sn_utility_close": 0.800000, "sn_enemy_kobold_small_atk02": 0.841667, "mus_babby": 0.800000, "sn_enemy_vinemonster_scream02": 0.800000, "sn_sustain01": 0.950463, "sn_mountainwind05": 0.705093, "sn_mynthos_scream02": 0.800000, "sn_cc_hover_jewel1": 1.000000, "sn_hotspring05": 0.503704, "sn_splashobject04": 1.000000, "sn_explosion_generic_05_03": 1.000000, "sn_cc_fire_select02": 1.000000, "sn_cc_fire_hover03": 1.000000, "sn_talk4": 0.800000, "sn_tengu_wings03_": 1.000000, "sn_enemy_brainmenace_tackle03": 0.800000, "sn_assaultrifle1_1": 0.857870, "sn_junkgundebris05": 0.800000, "sn_dartgunimpact03": 0.394907, "sn_debris_clatter11": 0.800000, "sn_enemy_duergar_atk01": 1.000000, "sn_revolvershotgun1_2": 0.800000, "sn_enemy_duergar_grunt01": 0.901852, "sn_mopbucket": 1.000000, "sn_pdt_organgrab01": 0.800000, "sn_junkbot_tires_hop03": 0.800000, "sn_catfishshield_linebreak02": 0.800000, "sn_dnet_pappy": 0.855556, "sn_werecroc_hunger02": 0.850926, "sn_cc_death": 1.000000, "sn_winddown01": 0.800000, "sn_enemy_babyalien_alert01": 0.436574, "sn_puddlestep01": 0.800000, "sn_werecroc_prehit02": 1.000000, "sn_explosion_generic_00_03": 1.000000, "sn_utility_open": 0.723611, "sn_trashtalk1_05": 1.000000, "sn_enemy_ruineddroid_shock01": 0.857870, "sn_mountainstream02": 0.325463, "sn_dooropen_wood": 0.800000, "sn_cattail04 ": 1.000000, "sn_shotgun_reload01": 0.800000, "sn_enemy_kobold_medium_death03": 0.800000, "sn_cc_vidcon_hover02": 1.000000, "sn_enemy_kobold_small_atk03": 0.848611, "sn_mg_wait_printer01": 0.881019, "sn_enemy_vinemonster_scream03": 0.800000, "sn_debug_four": 1.000000, "sn_debris_clatter03": 0.800000, "sn_gun_pickup02": 0.800000, "sn_enemy_sewerbeast_death02": 0.800000, "sn_crabtron_footstep04": 0.904167, "sn_werecroc_snapkill02": 1.000000, "sn_junkbot_partclink09": 0.800000, "sn_gun_shellcasing_medium_06": 0.702778, "sn_pdt_cuttingflesh03": 0.448148, "sn_machinegauges": 1.000000, "sn_catfishshield_netthrow01": 1.000000, "sn_dojoslap05": 1.000000, "sn_metaldooropen3": 1.000000, "sn_juicechug01": 1.000000, "sn_cavebatsingle07": 0.482870, "sn_fishbattlelosing01": 1.000000, "sn_mandrillcry03": 1.000000, "sn_crabtron_metalhit06": 0.654167, "sn_bb_awooga": 0.800000, "sn_pdt_warningvoice01": 0.906481, "sn_hoopz_mediumbullethit02": 0.408796, "sn_enemy_brainmenace_grunt01": 0.800000, "sn_bugchatter09": 0.702778, "sn_enemy_kobold_small_death03": 0.800000, "sn_enemy_ruineddroid_alert01": 0.661111, "sn_enemy_swampman_death02": 0.800000, "sn_plantmimic_hurt03": 0.605556, "sn_cow_moo1": 0.800000, "sn_tengu_death03_": 1.000000, "sn_plantmimicvine_rattle01": 0.800000, "sn_thunder_muffled01": 0.800000, "sn_horseshot": 0.800000, "sn_rottengunimpact02": 0.501389, "sn_cc_stonewheel3": 1.000000, "sn_elevatoruprelease01": 0.800000, "sn_enemy_sewerbeast_battlecryjr03": 0.800000, "sn_cc_scanner_hand_detected": 1.000000, "sn_fishingreelfast01": 1.000000, "sn_maria_paper1": 1.000000, "sn_enemy_kobold_large_death01": 0.887963, "sn_cc_vidcon_select01": 1.000000, "sn_junkbot_gearingdown01": 0.651852, "sn_watergentle03": 0.906481, "sn_enemy_kobold_splatter01": 0.705093, "sn_enemy_swampman_rightfootwater01": 0.800000, "sn_gun_shellcasing_large_02": 0.800000, "sn_zaubric01": 0.651852, "sn_thunder05": 0.800000, "sn_hoopz_slashhit04": 0.800000, "sn_werecroc_grunt03": 0.651852, "mus_dnet_track3": 0.800000, "sn_werecroc_attack02": 0.800000, "sn_waterwheel01": 0.800000, "sn_elevatorupsustain01": 0.800000, "sn_enemy_cybergremlin_grunt02": 0.908796, "sn_cc_grandpa_hover2": 1.000000, "sn_cc_winter_select01": 1.000000, "sn_mynthos_icicle03": 1.000000, "sn_gutterhound_beerchug": 1.000000, "sn_enemy_kobold_large_battlecry01": 0.853241, "sn_sewers_explosiverats_explode01": 0.503704, "mus_biotek": 0.800000, "sn_cc_grandpa_select2": 1.000000, "sn_flintlock1_3": 0.800000, "sn_cc_riceballs_select03": 1.000000, "sn_hoopz_mediumbullethit03": 0.406481, "sn_enemy_kobold_small_death02": 0.800000, "sn_cc_crystalballriser": 1.000000, "sn_bugchatter08": 0.705093, "sn_dojoslap04": 1.000000, "sn_dnet_keyboard_clack": 1.000000, "sn_pdt_cuttingflesh02": 0.445833, "sn_mandrillcry02": 1.000000, "sn_dooropen_plain": 0.906481, "sn_cavebatsingle06": 0.482870, "sn_cc_generic_button1": 1.000000, "sn_foamdart1": 0.705093, "sn_metaldooropen2": 1.000000, "sn_enemy_sewerbeast_battlecryjr02": 0.800000, "sn_cc_stonewheel2": 1.000000, "sn_rottengunimpact03": 0.506018, "sn_enemy_cybergremlin_scream01": 0.885648, "sn_cc_scanner_disassemble": 1.000000, "sn_plantmimic_hurt02": 0.605556, "sn_catfishsmall_death01": 0.600926, "sn_enemy_swampman_death03": 0.800000, "sn_hoopz_waterstep02": 0.800000, "sn_mnu_gunsmapScene01": 1.000000, "sn_waterwheel_woodmovement07": 1.000000, "sn_enemy_babyalien_swipe01": 0.800000, "mus_dnet_track2": 0.800000, "sn_werecroc_attack03": 0.800000, "sn_werecroc_grunt02": 0.654167, "sn_gun_reload12": 0.800000, "sn_watergentle02": 0.906481, "sn_thunder04": 0.800000, "sn_dnet_subforum_vidcons": 0.800000, "sn_gun_shellcasing_large_03": 0.800000, "sn_cc_riceballs_select02": 1.000000, "sn_powerdown01": 1.000000, "sn_flintlock1_2": 0.800000, "sn_cc_grandpa_select3": 1.000000, "sn_enemy_cybergremlin_grunt03": 0.904167, "sn_waterflowing01": 0.624074, "sn_cc_grandpa_hover3": 1.000000, "sn_mynthos_icicle02": 1.000000, "sn_hoopz_demiseLAZ01": 1.000000, "sn_enemy_cybergremlin_leftfoot": 0.800000, "sn_hoopz_waterstep01": 0.800000, "sn_cc_name_clear": 1.000000, "sn_plantmimicvine_rattle03": 0.800000, "sn_junkbot_hurt08": 0.800000, "sn_junkbot_washingmachine05": 0.800000, "sn_enemy_ruineddroid_alert03": 0.661111, "sn_doorclosed_sewer": 0.857870, "sn_plantmimic_hurt01": 0.605556, "sn_cow_moo3": 0.800000, "sn_catfishsmall_death02": 0.607870, "sn_junkbot_gearingdown03": 0.656481, "sn_enemy_cybergremlin_scream02": 0.800000, "sn_danmakucrash": 0.906481, "sn_maria_paper3": 1.000000, "sn_enemy_kobold_large_death03": 0.913426, "sn_cc_vidcon_select03": 1.000000, "sn_cc_stonewheel1": 1.000000, "sn_enemy_sewerbeast_battlecryjr01": 0.800000, "sn_thunder_muffled03": 0.800000, "sn_mandrillcry01": 1.000000, "sn_crabtron_metalhit04": 0.654167, "sn_ptonywrong": 0.800000, "sn_cc_generic_button2": 1.000000, "mus_bootylectro02": 0.800000, "sn_metaldooropen1": 1.000000, "sn_cavebatsingle05": 0.487500, "sn_catfishshield_netthrow03": 1.000000, "sn_pdt_organdrop01": 1.000000, "sn_pdt_cuttingflesh01": 0.443519, "sn_environment_wastescape08": 0.848611, "sn_enemy_kobold_small_death01": 0.679630, "mus_tnn_animebulldog": 0.800000, "sn_enemy_brainmenace_grunt03": 0.800000, "sn_duergar_angry01": 0.855556, "sn_musketproc": 1.000000, "sn_cc_name_uppercase": 1.000000, "sn_TNNintercom01": 1.000000, "sn_babbyjump": 0.402778, "sn_mynthos_icicle01": 1.000000, "sn_waterflowing02": 0.853241, "sn_cc_winter_select03": 1.000000, "mus_yskolob": 0.800000, "sn_cc_riceballs_select01": 1.000000, "sn_mynthos_death01": 0.800000, "sn_dnet_subforum_gemstones": 0.800000, "sn_flintlock1_1": 0.800000, "sn_enemy_kobold_large_battlecry03": 0.855556, "sn_sewers_explosiverats_explode03": 0.506019, "sn_flub": 0.800000, "mus_carpfrug": 0.800000, "sn_thunder07": 0.800000, "sn_zaubric03": 0.654167, "sn_enemy_kobold_splatter03": 0.610185, "sn_watergentle01": 0.906481, "sn_gun_reload11": 0.800000, "sn_mountainbreeze04": 0.705093, "sn_werecroc_grunt01": 0.654167, "sn_enemy_babyalien_swipe02": 0.800000, "mus_dnet_track1": 0.800000, "sn_maria_paper2": 1.000000, "sn_enemy_kobold_large_death02": 0.906481, "sn_cc_vidcon_select02": 1.000000, "sn_junkbot_gearingdown02": 0.656481, "sn_pdt_organsplash01": 1.000000, "sn_rottengunimpact01": 0.508333, "sn_thunder_muffled02": 0.800000, "sn_junkbot_laseratk01": 0.800000, "sn_plantmimicvine_rattle02": 0.800000, "sn_horsebreath": 0.800000, "sn_cow_moo2": 0.800000, "sn_catfishsmall_death03": 0.605556, "sn_junkbot_washingmachine04": 0.800000, "sn_enemy_ruineddroid_alert02": 0.665741, "sn_enemy_swampman_death01": 0.800000, "sn_ptonychomp": 0.800000, "sn_enemy_brainmenace_grunt02": 0.800000, "sn_environment_wastescape09": 0.906481, "sn_hoopz_mediumbullethit01": 0.401852, "mus_mg_creepypasta": 0.800000, "sn_cavebatsingle04": 0.482870, "sn_fishbattlelosing02": 1.000000, "sn_tengu_death02": 1.000000, "sn_crabtron_metalhit05": 0.654167, "sn_dojoslap06": 1.000000, "sn_catfishshield_netthrow02": 1.000000, "sn_cc_chesspiece": 1.000000, "sn_cc_grandpa_select1": 1.000000, "sn_enemy_brainmenace_frontstride01": 0.800000, "sn_shrub04": 1.000000, "sn_enemy_kobold_large_battlecry02": 0.825463, "sn_sewers_explosiverats_explode02": 0.508333, "sn_enemy_kobold_medium_atk04": 0.800000, "sn_enemy_cybergremlin_grunt01": 0.906481, "sn_waterflowing03": 0.762963, "sn_cc_grandpa_hover1": 1.000000, "sn_cc_winter_select02": 1.000000, "sn_gun_reload10": 0.800000, "sn_enemy_babyalien_swipe03": 0.800000, "sn_werecroc_attack01": 0.800000, "sn_pdt_noseslash01": 1.000000, "sn_waterwheel_woodmovement05": 1.000000, "sn_zaubric02": 0.654167, "sn_enemy_kobold_large_atk04": 0.853241, "sn_gun_shellcasing_large_01": 0.800000, "sn_thunder06": 0.800000, "sn_enemy_kobold_splatter02": 0.654167, "sn_cc_inkblots_left": 1.000000, "sn_enemy_cybergremlin_atk01": 0.587037, "sn_franciumorbfade03": 1.000000, "sn_composting03": 0.559259, "sn_enemy_duergar_death02": 0.800000, "sn_indianropetrick01": 1.000000, "sn_catfishshield_linebreak05": 0.800000, "sn_waterpipes2": 0.855556, "sn_winddown06": 0.800000, "sn_enemy_sewerbeast_spit03": 0.554630, "sn_crabtron_furnacebreath02": 1.000000, "sn_enemy_vinemonster_death02": 0.800000, "sn_mountainwind02": 0.705093, "sn_hotspring02": 0.506019, "sn_splashobject03": 1.000000, "sn_metaldoorclosed3": 1.000000, "sn_talk3": 0.855556, "sn_hoopz_largebullethit01": 0.800000, "sn_enemy_cybergremlin_gun01": 0.850926, "sn_pdt_organwhistle01": 0.800000, "sn_junkgundebris02": 0.800000, "sn_bubblepop02": 0.313889, "sn_dartgunimpact04": 0.420370, "sn_enemy_sewerbeast_hit01": 0.800000, "sn_enemy_duergar_wizardcry01": 0.800000, "sn_enemy_kobold_small_atk04": 0.850926, "sn_debris_clatter04": 0.800000, "sn_gun_pickup05": 0.800000, "sn_crabtron_footstep03": 0.908796, "sn_gun_shellcasing_medium_01": 0.705093, "sn_digitalshot03": 1.000000, "sn_hoopz_roll": 0.606713, "sn_trashtalk1_02": 1.000000, "sn_enemy_vinemonster_hurt01": 0.800000, "sn_enemy_sewerbeastjr_scream01": 0.503704, "sn_cc_anime_select01": 1.000000, "sn_weresnail_attack03": 0.800000, "sn_minigun8": 0.855556, "sn_hoopz_ladderclimb07": 0.800000, "sn_enemy_kobold_medium_death04": 0.800000, "mus_tnn_bootylectro_muffled02": 0.800000, "sn_tubercular01": 0.506019, "sn_waterpipes3": 0.853241, "sn_stonegunfire01": 0.855556, "sn_smallrocketattack01": 1.000000, "sn_enemy_sewerbeast_spit02": 0.550000, "sn_crabtron_alert01": 0.663426, "sn_sewers_explosiverats_alert01": 0.503704, "sn_enemy_brainmenace_jump01": 0.800000, "sn_catfishshield_linebreak04": 0.800000, "sn_enemy_duergar_death03": 0.800000, "sn_fishingvictory01": 1.000000, "sn_waterwheel_machinelayer01": 1.000000, "mus_tirnanog": 1.000000, "sn_franciumorbfade02": 1.000000, "sn_composting02": 0.550000, "sn_rain_light01": 1.000000, "sn_junkgundebris03": 0.800000, "sn_bubblepop03": 0.339352, "sn_plantmimic_warn01": 0.554630, "sn_tengu_claws03_": 1.000000, "mus_sewers": 0.850926, "sn_metaldoorclosed2": 1.000000, "sn_hotspring03": 0.506019, "sn_splashobject02": 1.000000, "sn_enemy_vinemonster_death03": 0.800000, "sn_mountainwind03": 0.723611, "sn_waterharsh01": 0.850926, "sn_crabtron_furnacebreath03": 1.000000, "sn_enemy_sewerbeast_hitjr01": 1.000000, "sn_talk2": 0.800000, "sn_crabtron_footstep02": 0.901852, "sn_enemy_babyalien_birth01": 0.800000, "sn_debris_clatter05": 0.800000, "sn_digitalshot02": 1.000000, "sn_processingtank": 0.906481, "sn_weresnail_hurt01": 0.800000, "sn_rifle7_1": 0.800000, "sn_bonedebris01": 0.853241, "sn_mountainwind_filler01": 1.000000, "sn_hoopz_firehit01": 1.000000, "sn_sustain06": 0.952778, "sn_splashobject10": 1.000000, "sn_enemy_kobold_medium_grunt01": 0.612500, "sn_weresnail_attack02": 0.800000, "sn_mnu_noteFlipMedium01": 1.000000, "sn_hoopz_ladderclimb06": 0.800000, "sn_mg_knocking_defeat": 0.904167, "sn_trashtalk1_03": 1.000000, "mus_gameover": 0.800000, "mus_rush": 1.000000, "sn_crossbow1_1": 0.800000, "sn_enemy_sewerbeast_hitjr02": 1.000000, "sn_talk1": 0.800000, "sn_hoopz_largebullethit03": 0.800000, "sn_enemy_cybergremlin_gun03": 0.853241, "sn_splashobject01": 1.000000, "sn_metaldoorclosed1": 1.000000, "sn_waterharsh02": 0.857870, "sn_debris_clatter14": 0.800000, "sn_duergar_neutral01": 0.853241, "sn_cc_crystalballsustain": 1.000000, "sn_plantmimic_warn02": 0.550000, "sn_geppettoBirthday": 0.901852, "sn_mg_diving_goblet": 1.000000, "sn_franciumorbfade01": 1.000000, "sn_composting01": 0.556944, "sn_waterwheel_machinelayer02": 1.000000, "sn_enemy_cybergremlin_atk03": 0.566204, "sn_sewers_explosiverats_alert02": 0.501389, "sn_enemy_brainmenace_jump02": 0.800000, "sn_crabtron_alert02": 0.663426, "sn_enemy_sewerbeast_spit01": 0.554630, "sn_winddown04": 0.800000, "sn_tubercular02": 0.503704, "sn_stonegunfire02": 0.857870, "sn_enemy_duergar_rightfoot": 0.800000, "sn_blacksmith_clang": 1.000000, "sn_enemy_vinemonster_hurt03": 0.800000, "sn_cc_anime_select03": 1.000000, "sn_crossbow1_2": 0.800000, "sn_ptonyhurt": 0.906481, "sn_juicebox_coinflip": 0.800000, "sn_hoopz_ladderclimb05": 0.800000, "sn_debug_seven": 1.000000, "sn_enemy_kobold_medium_grunt02": 0.695833, "sn_pdt_zorro": 0.999074, "sn_weresnail_attack01": 0.800000, "sn_rain_heavy_indoors01": 1.000000, "sn_hoopz_firehit02": 1.000000, "sn_cc_inkblots_mid": 1.000000, "sn_weresnail_hurt02": 0.800000, "sn_rifle7_2": 0.800000, "sn_bonedebris02": 0.758333, "sn_bb_airhorn": 0.800000, "sn_gun_shellcasing_medium_03": 0.707407, "sn_digitalshot01": 1.000000, "sn_enemy_babyalien_birth02": 0.800000, "sn_crabtron_footstep01": 0.901852, "sn_debris_clatter06": 0.800000, "sn_enemy_sewerbeast_hit02": 0.800000, "sn_debris_clatter15": 0.800000, "sn_plantmimic_warn03": 0.552315, "sn_cursor_error01": 0.800000, "mus_castlesong3_kabukideath": 0.800000, "sn_junkgundebris01": 0.800000, "sn_bubblepop01": 0.283796, "sn_enemy_cybergremlin_gun02": 0.857870, "sn_bb_snarl": 0.800000, "sn_generic_metalres04": 0.853241, "sn_hoopz_largebullethit02": 0.800000, "sn_enemy_sewerbeast_hitjr03": 1.000000, "sn_enemy_vinemonster_death01": 0.800000, "sn_waterharsh03": 0.850926, "sn_crabtron_furnacebreath01": 1.000000, "sn_hotspring01": 0.506019, "sn_katsuFlourish01": 0.908796, "sn_crabtron_alert03": 0.668056, "sn_tubercular03": 0.503704, "sn_waterpipes1": 0.857870, "sn_stonegunfire03": 0.853241, "sn_hoopz_demiseERICW01": 1.000000, "sn_mg_diving_hit4": 1.000000, "sn_enemy_duergar_death01": 0.800000, "sn_bb_siren": 0.800000, "sn_enemy_brainmenace_jump03": 0.800000, "sn_enemy_cyberrat_death01": 0.455093, "sn_sewers_explosiverats_alert03": 0.506019, "sn_almaberga_snoreOut": 0.441204, "sn_enemy_cybergremlin_atk02": 0.582407, "sn_hoopz_ladderclimb04": 0.800000, "sn_dnet_subforum_exit": 0.800000, "mus_fishing_battleTEMP": 1.000000, "sn_crashwindow01": 0.853241, "sn_enemy_kobold_medium_grunt03": 0.756019, "sn_enemy_sewerbeastjr_scream02": 0.501389, "sn_cc_anime_select02": 1.000000, "sn_enemy_vinemonster_hurt02": 0.800000, "sn_fishingdefeat01": 1.000000, "sn_enemy_ruineddroid_close": 0.855556, "sn_pdt_muere": 1.000000, "sn_crossbow1_3": 0.800000, "sn_trashtalk1_01": 1.000000, "sn_gun_shellcasing_medium_02": 0.702778, "sn_debris_clatter07": 0.800000, "mus_10in1": 0.800000, "sn_tengu_claws02_": 1.000000, "sn_hoopz_firehit03": 1.000000, "sn_sustain04": 0.957407, "sn_flamethrower_attack03": 0.800000, "sn_cc_name_generate": 1.000000, "sn_bonedebris03": 0.848611, "sn_enemy_swampman_rightfootland01": 0.800000, "sn_weresnail_hurt03": 0.800000, "sn_rifle7_3": 0.800000, "sn_catfishsmall_pegbreak01": 0.746759, "sn_enemy_brainmenace_death01": 0.800000, "sn_enemy_kobold_clone02": 0.881019, "sn_enemy_kobold_small_grunt03": 0.647222, "sn_cc_lottocircle02": 1.000000, "sn_tengu_alert03_": 1.000000, "sn_mynthos_laugh01": 0.800000, "sn_cavebatsingle03": 0.480556, "sn_crabtron_metalhit02": 0.651852, "sn_junkgunimpact01": 0.323148, "sn_dojoslap01": 1.000000, "sn_mg_diving_torpedo1": 1.000000, "sn_enemy_duergar_shot02": 0.800000, "sn_dwarfimpactland": 0.800000, "sn_enemy_kobold_large_grunt01": 0.800000, "sn_gun_reload05": 0.800000, "sn_franciumshot02": 1.000000, "sn_tengu_claws01_": 1.000000, "sn_pdt_elzorroteleport01": 0.800000, "sn_plantmimicvine_rattle05": 0.800000, "sn_enemy_swampman_grunt02": 0.800000, "sn_junkbot_breath01": 0.800000, "sn_oilbarrel_explosion03": 0.800000, "mus_gunfuse_track": 1.000000, "sn_eightarmed01": 0.800000, "sn_rebasing03": 0.950463, "sn_junkbot_washingmachine03": 0.800000, "sn_cattail01": 1.000000, "sn_werecroc_death03": 1.000000, "sn_mountainbreeze02": 0.705093, "sn_enemy_cyberrat_explode01": 0.800000, "mus_bootylectro_muffled": 0.800000, "sn_explosion_generic_01_02": 1.000000, "mus_dnet_track7": 0.800000, "sn_skirmisher_headswoop01": 1.000000, "sn_gun_shellcasing_large_06": 0.800000, "sn_enemy_kobold_large_atk03": 0.855556, "mus_wst_industrialzone_gumpus": 0.800000, "sn_thunder01": 0.800000, "sn_enemy_kobold_splatter05": 0.647222, "mus_dancePAX": 0.800000, "sn_shrub03": 1.000000, "sn_enemy_kobold_medium_atk03": 0.730556, "sn_enemy_cybergremlin_death02": 0.911111, "sn_duergarKnock": 1.000000, "sn_enemy_kobold_spit01": 0.800000, "sn_explosion_generic_04_02": 1.000000, "sn_enemy_babyalien_atk03": 0.603241, "sn_mandrillcry06": 1.000000, "sn_crabtron_metalhit03": 0.654167, "sn_cavebatsingle02": 0.485185, "sn_rocketexhaust01": 1.000000, "sn_hoopz_footL2": 0.904167, "sn_enemy_brainmenace_grunt04": 0.800000, "sn_rain_heavy01": 0.488426, "sn_catfishshield_alert01": 0.600926, "sn_cc_lottocircle03": 1.000000, "sn_enemy_kobold_small_grunt02": 0.654167, "sn_mg_creepypasta_scream1": 0.800000, "sn_enemy_sewerbeast_jump01": 1.000000, "sn_enemy_kobold_clone03": 0.860185, "sn_magnum1_1": 0.800000, "sn_dwarf_neutral01": 0.800000, "sn_oilbarrel_explosion02": 0.800000, "sn_plantmimicvine_rattle04": 0.800000, "sn_enemy_swampman_grunt03": 0.800000, "sn_catfishsmall_grunt01": 0.654167, "mus_dojo": 1.000000, "sn_thunder12": 0.800000, "sn_rebasing02": 0.950463, "sn_junkbot_washingmachine02": 0.800000, "sn_cc_lottery_pen1": 1.000000, "sn_enemy_kobold_large_death04": 0.887963, "sn_holdingtank02": 0.628704, "sn_bb_stimulating": 0.800000, "sn_gun_reload04": 1.000000, "sn_franciumshot03": 1.000000, "sn_debug_eight": 1.000000, "mus_diving_fast": 1.000000, "sn_thunder_muffled04": 0.800000, "sn_heavymass01": 1.000000, "sn_enemy_kobold_large_atk02": 0.853241, "sn_doorclosed_wood": 0.857870, "sn_metalladder2": 0.800000, "sn_mg_puzzlelock_open2": 1.000000, "sn_enemy_kobold_splatter04": 0.654167, "sn_wingflap01": 0.850694, "sn_mortimer_drumroll": 0.855556, "sn_elevatordownsustain01": 0.855556, "sn_cc_gumball_coin_jingle": 1.000000, "sn_werecroc_death02": 1.000000, "sn_mountainbreeze03": 0.709722, "sn_babbypower": 0.501389, "sn_waterwheel_woodmovement03": 1.000000, "mus_dnet_track6": 0.800000, "sn_pdt_wilhelm_letter01": 0.800000, "sn_hoopz_slashhit01": 0.800000, "sn_explosion_generic_01_03": 1.000000, "sn_enemy_cybergremlin_death03": 0.906481, "sn_enemy_kobold_medium_atk02": 0.728241, "sn_debug_six": 1.000000, "sn_enemy_babyalien_atk02": 0.603241, "sn_debug_one": 0.800000, "sn_explosion_generic_04_03": 1.000000, "sn_cc_corncobs_hover01": 1.000000, "sn_shrub02": 1.000000, "sn_smg8": 1.000000, "sn_enemy_kobold_large_battlecry04": 0.867130, "sn_enemy_kobold_large_grunt03": 0.800000, "sn_gun_reload07": 0.800000, "sn_gutterhound_smash": 1.000000, "sn_holdingtank01": 0.959722, "sn_cc_lottery_pen2": 1.000000, "sn_tengu_wings01": 1.000000, "sn_mg_wait_clock08": 0.883333, "sn_thunder11": 0.800000, "sn_eightarmed03": 0.800000, "sn_rebasing01": 0.952778, "sn_junkbot_washingmachine01": 0.800000, "sn_cattail03 ": 1.000000, "sn_ladderdrop": 0.800000, "sn_junkbot_breath03": 0.800000, "sn_oilbarrel_explosion01": 0.800000, "sn_catfishsmall_grunt02": 0.654167, "sn_plantmimicvine_rattle07": 0.800000, "sn_cc_scanner_static": 1.000000, "sn_enemy_kobold_small_grunt01": 0.631019, "sn_mg_creepypasta_scream2": 1.000000, "sn_enemy_brainmenace_death03": 1.000000, "sn_magnum1_2": 0.800000, "sn_catfishsmall_pegbreak03": 0.744444, "sn_catfishshield_alert02": 0.800000, "sn_doorclosed_tnn": 0.705093, "sn_dojoslap03": 1.000000, "mus_vrw": 1.000000, "sn_rushingwater02": 0.800000, "sn_junkgunimpact03": 0.325463, "sn_dwarf_agree01": 0.800000, "sn_mandrillcry05": 1.000000, "sn_cavebatsingle01": 0.485185, "sn_letsplay_breath": 1.000000, "sn_flintlock_spark": 0.721296, "sn_cc_scanner_no_hand": 1.000000, "sn_rifleproc": 1.000000, "sn_cc_corncobs_hover02": 1.000000, "sn_cc_grandpa_hover4": 1.000000, "sn_enemy_cybergremlin_grunt04": 0.904167, "sn_enemy_babyalien_atk01": 0.605556, "sn_enemy_kobold_spit03": 0.693519, "sn_magnumproc": 1.000000, "sn_enemy_kobold_medium_atk01": 0.762963, "sn_variableOwl01": 1.000000, "sn_hoopz_slashhit02": 0.800000, "mus_dnet_track5": 0.800000, "sn_letsplay_greeting": 1.000000, "sn_werecroc_death01": 1.000000, "sn_doorclosed_slab": 0.853241, "sn_wingflap02": 0.850694, "sn_thunder03": 0.800000, "sn_gun_shellcasing_large_04": 0.800000, "sn_mg_puzzlelock_open1": 1.000000, "sn_enemy_kobold_large_atk01": 0.853241, "sn_metalladder1": 0.800000, "sn_thunder10": 0.800000, "sn_eightarmed02": 0.800000, "sn_mg_wait_clock09": 0.885648, "sn_criticalbuildup": 0.705093, "sn_cattail02": 1.000000, "sn_plantmimicvine_rattle06": 0.800000, "sn_enemy_swampman_grunt01": 0.800000, "sn_catfishsmall_grunt03": 0.651852, "sn_skrimisher_headswoop02": 1.000000, "sn_junkbot_breath02": 0.800000, "sn_mynthos_hover01": 0.800000, "sn_gun_reload06": 0.800000, "sn_franciumshot01": 1.000000, "sn_enemy_kobold_large_grunt02": 0.800000, "sn_rain_normal01": 0.800000, "sn_cc_lottery_pen3": 1.000000, "sn_mg_diving_torpedo2": 1.000000, "sn_junkbot_lasersustain01": 0.582407, "mus_benjaminTTEMP": 0.803241, "sn_enemy_duergar_shot01": 0.800000, "sn_rushingwater03": 0.800000, "sn_junkgunimpact02": 0.325463, "sn_dojoslap02": 1.000000, "sn_mandrillcry04": 1.000000, "sn_crabtron_metalhit01": 0.654167, "sn_enemy_brainmenace_death02": 0.800000, "sn_enemy_kobold_clone01": 0.853241, "sn_magnum1_3": 0.800000, "sn_cc_lottocircle01": 1.000000, "sn_mg_creepypasta_scream3": 1.000000, "sn_catfishshield_alert03": 0.800000, "sn_catfishsmall_pegbreak02": 0.744444, "sn_enemy_kobold_small_death04": 0.800000, "sn_explosion_generic_04_01": 1.000000, "sn_enemy_kobold_spit02": 0.800000, "sn_bb_partyhorn": 0.800000, "mus_sneakmissionTEMP": 1.000000, "sn_enemy_cybergremlin_death01": 0.918056, "sn_cc_corncobs_hover03": 1.000000, "sn_watergentle04": 1.000000, "mus_AIRuins_powerbadboy": 0.800000, "sn_enemy_kobold_splatter06": 0.656481, "sn_wingflap03": 0.852431, "sn_gun_shellcasing_large_05": 0.800000, "sn_cursor_back01": 0.800000, "sn_thunder02": 0.800000, "mus_dnet_track4": 0.800000, "sn_hoopz_slashhit03": 0.800000, "sn_explosion_generic_01_01": 1.000000, "sn_waterwheel_woodmovement01": 1.000000, "sn_mountainbreeze01": 0.705093, "sn_oceanwaves01": 1.000000 }